'–û–æ, –æ—Ç–ª–∏—á–Ω–æ'
'–û–æ, —Å–ø–∞—Å–∏–±–æ –∑–∞ –∏–¥–µ—é'
'–û—Ç–ª–∏—á–Ω–æ'
'–£ –º–µ–Ω—è –ë—Ä–∏—Ç–∞–Ω–∏—è –∏ –ö–∏—Ç–∞–π'
'–ü–∏—à–∏ –º–Ω–µ –Ω–∞ @biokozlov'
'–î–∞–≤–∞–π —Ç–æ–≥–¥–∞ –æ–∫–æ–ª–æ –ø–∞–º—è—Ç–Ω–∏–∫–∞ –Ω–∞ –ø–ª–æ—â–∞–¥–∏ Massena'
'–•–µ–π'
'Hahaha –ø—Ä–∏–≤–µ—Ç'
'–ü—Ä–∏–≤–µ—Ç'
'–ü—Ä–∏–≤–µ—Ç'
'–ü—Ä–∏–≤–µ—Ç'
'–ü—Ä–∏–≤–µ—Ç'
'–ü—Ä–∏–≤–µ—Ç'
'–ü—Ä–∏–≤–µ—Ç'
'–ü—Ä–∏–≤–µ—Ç'
'–ü—Ä–∏–≤–µ—Ç'
'–ü—Ä–∏–≤–µ—Ç'
'–ü—Ä–∏–≤–µ—Ç'
'–ü—Ä–∏–≤–µ—Ç'
'–ü—Ä–∏–≤–µ—Ç'
'–ü—Ä–∏–≤–µ—Ç'
'–ü—Ä–∏–≤–µ—Ç'
'–ü—Ä–∏–≤–µ—Ç'
'–ü—Ä–∏–≤–µ—Ç'
'–ü—Ä–∏–≤–µ—Ç'
'–ü—Ä–∏–≤–µ—Ç'
'–ü—Ä–∏–≤–µ—Ç'
'–ü—Ä–∏–≤–µ—Ç'
'–ü—Ä–∏–≤–µ—Ç'
'–ü—Ä–∏–≤–µ—Ç'
'–ü—Ä–∏–≤–µ—Ç'
'–ü—Ä–∏–≤–µ—Ç'
'–ü—Ä–∏–≤–µ—Ç'
'–ü—Ä–∏–≤–µ—Ç'
'–ü—Ä–∏–≤–µ—Ç'
'–ü—Ä–∏–≤–µ—Ç'
'–ü—Ä–∏–≤–µ—Ç'
'–ü—Ä–∏–≤–µ—Ç'
'–ü—Ä–∏–≤–µ—Ç'
'–ü—Ä–∏–≤–µ—Ç'
'–ü—Ä–∏–≤–µ—Ç'
'–ü—Ä–∏–≤–µ—Ç'
'–ü—Ä–∏–≤–µ—Ç'
'–ü—Ä–∏–≤–µ—Ç'
'–ü—Ä–∏–≤–µ—Ç'
'–ü—Ä–∏–≤–µ—Ç'
'–ü—Ä–∏–≤–µ—Ç'
'–ü—Ä–∏–≤–µ—Ç'
'–ü—Ä–∏–≤–µ—Ç'
'–ü—Ä–∏–≤–µ—Ç'
'–ü—Ä–∏–≤–µ—Ç'
'–ü—Ä–∏–≤–µ—Ç'
'–ü—Ä–∏–≤–µ—Ç'
'–ü—Ä–∏–≤–µ—Ç'
'–ü—Ä–∏–≤–µ—Ç'
'–ü—Ä–∏–≤–µ—Ç'
'–ü—Ä–∏–≤–µ—Ç'
'–ü—Ä–∏–≤–µ—Ç'
'–ü—Ä–∏–≤–µ—Ç'
'–ü—Ä–∏–≤–µ—Ç'
'–ü—Ä–∏–≤–µ—Ç'
'–ü—Ä–∏–≤–µ—Ç'
'–ü—Ä–∏–≤–µ—Ç'
'–ü—Ä–∏–≤–µ—Ç'
'–ü—Ä–∏–≤–µ—Ç'
'–ü—Ä–∏–≤–µ—Ç'
'–ü—Ä–∏–≤–µ—Ç'
'–ü—Ä–∏–≤–µ—Ç'
'–ü—Ä–∏–≤–µ—Ç'
'–ü—Ä–∏–≤–µ—Ç'
'–ü—Ä–∏–≤–µ—Ç'
'–ü—Ä–∏–≤–µ—Ç'
'–ü—Ä–∏–≤–µ—Ç'
'–ü—Ä–∏–≤–µ—Ç'
'–ü—Ä–∏–≤–µ—Ç'
'–ü—Ä–∏–≤–µ—Ç'
'–ü—Ä–∏–≤–µ—Ç'
'–ü—Ä–∏–≤–µ—Ç'
'–ü—Ä–∏–≤–µ—Ç'
'–ü—Ä–∏–≤–µ—Ç'
'–ü—Ä–∏–≤–µ—Ç'
'–ü—Ä–∏–≤–µ—Ç'
'–ü—Ä–∏–≤–µ—Ç'
'–ü—Ä–∏–≤–µ—Ç'
'–ü—Ä–∏–≤–µ—Ç'
'–ü—Ä–∏–≤–µ—Ç'
'–ü—Ä–∏–≤–µ—Ç'
'–ü—Ä–∏–≤–µ—Ç'
'–ü—Ä–∏–≤–µ—Ç'
'–ü—Ä–∏–≤–µ—Ç'
'–ü—Ä–∏–≤–µ—Ç'
'–ü—Ä–∏–≤–µ—Ç'
'–ü—Ä–∏–≤–µ—Ç'
'–ü—Ä–∏–≤–µ—Ç'
'–ü—Ä–∏–≤–µ—Ç'
'–ü—Ä–∏–≤–µ—Ç'
'–ü—Ä–∏–≤–µ—Ç'
'–ü—Ä–∏–≤–µ—Ç'
'–ü—Ä–∏–≤–µ—Ç'
'–ü—Ä–∏–≤–µ—Ç'
'–ü—Ä–∏–≤–µ—Ç'
'–ü—Ä–∏–≤–µ—Ç'
'–ü—Ä–∏–≤–µ—Ç'
'–í –∏–Ω—Å—Ç–∞–≥—Ä–∞–º–µ —è @biokozlov'
'–û–∫–µ–π'
'–û–∫–µ–π'
'–ê–≥–∞'
'–ê–≥–∞'
'–û—Ç–ª–∏—á–Ω–æ!'
'–•–∞—Ö–∞—Ö–∞ –æ—Ç–ª–∏—á–Ω–æ'
'–û—Ç–ª–∏—á–Ω–æ!'
'–ü—Ä–æ–∫—Ä–∞—Å—Ç–∏–Ω–∞—Ü–∏—è—è—è—è'
'–ê–≥–∞'
'–û, –ø—Ä–∏–≤–µ—Ç'
'–•–∞—Ö–∞, –∑–∞–±–∞–≤–Ω–æ!'
'–ê–≥–∞'
'–°–ª—É—à–∞–π'
'–ê–≥–∞'
'–ê–≥–∞'
'–ü–æ–Ω—è—Ç–Ω–æ. –Ø –≤–æ—Ç –Ω–∞ —Ç—Ä–∏ –≥–æ–¥–∞ –ø—Ä–∏–µ—Ö–∞–ª.'
'–≤–∞—Å–∏–ª'
'–ü—Ä–∏–≤–µ—Ç'
'ah yes vÃ∂ÃΩÃöÕ†ÃÜÃøÃÉÃåÃ®ÃòÃºiÃ∂ÕùÃíÕÇÃ≥Ã©ÃûÕöÕéÕìÃ±ÕïÕöbÃ∂ÃîÃéÃöÃúÃûÃ≤ÃüÃ™ÃôÃóÕàÃ§ÃúÃ†eÃµÕÅÃâÕùÃÑÃÖÃäÃëÃëÃõÕöÕéÃ±Ã≤Ã£ Ã∑ÕÑÃÑÕâÃüÃ≠ÃûÕîcÃ∂ÃîÃôÃ£ÕöÃ•ÃüÃ≠ÃòÃÆÃ≠ÕïÃ£Ã∞hÃ∂ÃéÃÄÕóÕÉÃëÃäÃ°Ã±ÃùÃóeÃ∏ÕåÕíÕ†ÕùÃ≥ÕïÃ°Ã™Ã≠ÃôÃùÕâcÃ∑ÕÉÃåÕãÕ†Ã¢Ã´ÃπÕúÕñÕìÕîÃüÃπÃúÕöÃ¶ÃπÃ≥kÃ∑ÃèÕ†ÃéÕäÕÜÕÜÕÉÃõÕùÃôÃòÃ¨Ã±ÃòÃºÕïÃóÃ§Ã∞ÕÖÃßÕâÃ∫'
'–•–∞—Ö–∞'
'–ó–∞—á–µ–º-—Ç–æ –¥–≤–∞ —Ä–∞–∑–∞ –æ—Ç–ø—Ä–∞–≤–∏–ª–æ—Å—å'
'–ü—Ä–∏–≤–µ—Ç&rpar; '
'–ü—Ä–∏–≤–µ—Ç&rpar;'
'–•–µ—Ö–µ'
'–ô–æ–≥ 999 –ª–≤–ª'
'–ë–ª–∏–Ω, —Ç–æ—á–Ω–æ'
'–û, –ø—Ä–∏–≤–µ—Ç&rpar;'
'–ü—Ä–∏–≤–µ—Ç&rpar;'
'–í–æ–æ–±—â–µ –Ω–µ —Å—Ç—Ä–∞—à–Ω–æ&rpar;'
'–•–ª–æ–ø—É—à–∫–∞ –õ—é–±—è—Ç–æ–≤–æ!'
'–ü—Ä–∏–≤–µ—Ç&rpar;'
'–ù–∞–ø—Ä–∏–º–µ—Ä&rpar;'
'–í–æ—Ç –≤—Ä–æ–¥–µ —è —á—Ç–æ-—Ç–æ –ø—Ä–æ—è—Å–Ω–∏–ª...–Ω–æ –Ω–µ –ø—Ä–æ—è—Å–Ω–∏–ª –∞—Ö–∞—Ö–∞'
'–õ–µ—Ç 5 –Ω–∞–∑–∞–¥'
'–ø—Ä–∏–≤–µ—Ç, –ê–∫—Å–µ–Ω–∏—è. '
'–ô–æ—É.'
'–õ–µ–Ω–∏–Ω - –≥—Ä–∏–± ?'
'–ê –Ω–∞—Å—Ç—Ä–æ–µ–Ω–∏–µ –≤—Å—Ä–∞—Ç–æ, –Ω–µ —Ç–∞–∫ –≤—Å—Ä–∞—Ç–æ, –∫–∞–∫ —Ö–∞–π–ø –∏–∑-–∑–∞ –ø–µ—Å–Ω–∏ –∏–∑ –≤–µ–¥—å–º–∞–∫–∞, –Ω–æ —Ç–æ–∂–µ –≤—Å—Ä–∞—Ç–æ'
'–ù–æ –û—Å—Ç–∏–Ω –Ω–∏ —Ä–∞–∑—É'
'–ü—Ä–∏–≤–µ—Ç'
'–í–∏–¥–∏–∫'
'–û–∫–∏—á –æ–∫–∏—á'
'–ü—Ä–∏–≤–µ—Ç, –ö–∞—Ç—è'
'–ê –ø–æ—á–µ–º—É –µ, –∫—Å—Ç–∞—Ç–∏, —Ä–µ–¥–ø–æ–ª–∏—Ç–∏–∫–∞'
'–ù–æ –í–∏—à–µ–Ω–∫–∞ –Ω–∞ —Ç–æ—Ä—Ç–µ - —Ä–∞–±–æ—Ç–∞ —Å —Ä–µ–∫–ª–∞–º–æ–¥–∞—Ç–µ–ª—è–º–∏'
'–û—Ç 1 –¥–æ 10 ?'
'–ù–µ—Ç'
'–¢–µ—Å—Ç –≥–æ—Ç–æ–≤, –∏ —Å–æ–±–µ—Å–µ–¥–æ–≤–∞–Ω–∏–µ –Ω–∞–∑–Ω–∞—á–∏–ª–∏ 7 –º–∞—Ä—Ç–∞.'
'–ê–≥–∞'
'–í–µ—Å–µ–ª–æ –∫–∞—Ä–æ—è'
'–î–∞, –ø—Ä–∏–Ω–∏–º–∞–µ–º&rpar;&rpar;&rpar;'
'–ù–µ –≥–æ–≤–æ—Ä–∏ –ø—Ä–æ –ë–∞–π–∫–∞–ª'
'–ß–µ—Ä–µ–∑ –ë–∞–π–∫–∞–ª'
'–í –∑–∞–≤–∏—Å–∏–º–æ—Å—Ç–∏ –æ—Ç –º–∞—Ç–µ—Ä–∏–∞–ª–∞'
'–¢–µ–ª–µ–≥–∞ ZuevAV'
'–ö–∞–∫ –≥–∞–≤–∞—Ä–∏—Ü–∞'
'–ü—Ä–∏–≤–µ—Ç'
'–•–æ—Ç—è –Ω–µ, –Ω–∞–≤—Ä—è–¥–ª–∏.'
'–ò—Å–ª–∞–Ω–¥–∏—è?'
'–©—Ç–∞'
'–ù–æ—É —â–∏—Ç'
'–ê –º–æ—è –≤–∏–∑–∞ –∏—Å—Ç–µ–∫–ª–∞ –†–û–í–ù–û –ü–û–î –°–™–ï–ó–î –ö–ü–ö'
'–î–∞ —è –Ω–µ –≤ –æ–±–∏–¥–µ'
'–•–æ—Ç—è –∂–∏–ª –Ω–∞ –¥—É–Ω–±–µ–µ'
'–Ø —Å–∏–¥–µ–ª –Ω–∞ —Ç—Ä–∞–≥–µ–¥–∏–∏ —Ö–∏—Ö–∏–∫–∞–ª'
'–•–∞'
'–ù—É –¥–∞ , —Ç–∞–º –Ω–∏ —Ä–∞–∑—É –Ω–µ —Å–∫–∞–∑–∫–∞'
'–ù—É –µ—â—ë –∫—Ç–æ-—Ç–æ'
'–í–æ—Ç –≤–æ–æ–±—â–µ –Ω–µ –∏–¥—É—Ç'
'–ö—Ç–æ –Ω–µ –ª—é–±–∏—Ç –ö–≤–∏–Ω —Ç–æ—Ç –ø–∏–¥–æ—Ä'
'–ë–ª–∏–Ω'
'–ù–µ, —è –Ω–∞—É—à–Ω–∏–∫–∏ –Ω–∞ —Ä–∞–±–æ—Ç–µ –æ—Å—Ç–∞–≤–∏–ª'
'–ò –Ω–æ—É—Ç–±—É–∫'
'–ß—Ç–æ –≤—Å–µ –±—É–¥–µ—Ç –∏–¥–∏'
'–ò–∑—é–º'
'–°–£–ö–ê–ë–Ø–î–õ–ê–ê–ü–¨–ê–õ'
'–ò –∑ –∏'
'–û–Ω–∞ –∂–µ –∑–∞–ø—Ä–µ—â–µ–Ω–µ–≥–∞'
'–ê'
'–°—Ç–∞–Ω–µ—Ç –ª–µ–≥—á–µ'
'–ê–ª–µ–∫—Å–∞–Ω–¥—Ä–∏–Ω–∫–µ'
'–û—Ç–¥–∞–ª–∏'
'–©–∞, –º–æ–∂–µ—Ç –Ω–∞–π–¥—É'
'–©–∞—â–∞—â–∞'
'–•–æ—Ç—è —Ç–µ–±–µ –Ω–∞–≤–µ—Ä–Ω—è–∫–∞ –≤–∏–¥–Ω–µ–π'
'–Ø –≤–æ–æ–±—â–µ —Ç–æ—Ç –µ—â—ë'
'–¢–∞–∫ –≤–æ–æ–±—â–µ –≥–∞—Å–∏—Ç–µ —Å–≤–µ—Ç'
'–ù–µ –≤–∏–¥–∏—Ü–∞'
'–í–∏–¥–∏–º–æ –¥–∞ &colon;&rpar;'
'–ê —á—Ç–æ –∑–∞ —Å–æ—Ä–µ–≤–Ω–æ–≤–∞–Ω–∏—è –Ω–∞ —Ñ–æ—Ç–æ?'
'–ü—Ä–∏–≤–µ—Ç'
'–ø—è—Ç–Ω–∏—Ü–∞'
'–ü—Ä–∏–≤–µ—Ç'
'–ü—Ä–∏–≤–µ—Ç&rpar;'
'–ß—É—Ç —á—É—Ç&rpar;'
'–õ–∞–¥–Ω–∞&rpar;'
'–ë–ª–∏–Ω'
'–ê—Ö–∞—Ö–∞ –ø—Ä–∞–≤–¥–∞?'
'–ü—Ä–∏–≤–µ—Ç'
'–ù–æ –º–æ–∂–Ω–æ –∏ –µ—â–µ'
'–í–æ–æ–±—â–µ —è –∏–∑ –ö–∏–µ–≤–∞, –ø—Ä–∏–µ—Ö–∞–ª –≤ –¢–∞–ª–ª–∏–Ω–µ 2 –≥–æ–¥–∞ –Ω–∞–∑–∞–¥ –Ω–∞ –º–∞–≥–∏—Å—Ç—Ä–∞—Ç—É—Ä—É'
'–ê–≥–∞'
'–°–ø–æ–∫–æ–π–Ω–æ —Ç—É—Ç&rpar;'
'–î–∞, —è –±–æ–ª–µ—é –∑–∞ –ì–æ–ª–æ–¥–µ–Ω –°—Ç–µ–π—Ç, –æ–Ω–∏ –∏–∑ –°–∞–∫—Ä–∞–º–µ–Ω—Ç–æ&rpar;'
'–¢–æ—á–Ω–æ'
'–ü—Ä–∏–≤–µ—Ç'
'–ü—Ä–∏–≤–µ—Ç'
'–ü—Ä–∏–≤–µ—Ç'
'–ó–Ω–∞—á–∏—Ç –∑–∏–º—É –Ω–µ –∑–∞—Å—Ç–∞–ª–∞'
'–î–∂–∞–≤–∞'
'–ü—Ä–∏–≤–µ—Ç'
'–ü—Ä–∏–≤–µ—Ç'
'–°–ø–∞—Å–∏–±'
'–ú–Ω–µ –Ω–µ –Ω—É–∂–Ω–∞ –¥–µ–≤—É—à–∫–∞ –í –ö–∏–µ–≤–µ'
'–¢–æ—á–Ω–µ–µ, –º–Ω–µ –Ω–µ –Ω—É–∂–Ω–∞ –¥–µ–≤—É—à–∫–∞ —Ç–∞–º, –≥–¥–µ –º–µ–Ω—è –Ω–µ—Ç&rpar;'
'–í–æ—Ç –ø–æ—Ç–æ–º—É –∏ &quot;–Ω–µ —á–∞—Å—Ç–æ&quot;&rpar;&rpar;'
'–ß—Ç–æ –µ—â—ë?&rpar;'
'–ß—Ç–æ-—Ç–æ*'
'–ò–∑–º–µ–Ω–µ–Ω–∏—è, —É–ª—É—á—à–µ–Ω–∏—è - —Å–µ–º–∞–Ω—Ç–∏–∫–∞'
'–†–∞–∑–≤–µ?'
'Hi\nTere\n–ü—Ä–∏–≤–µ—Ç'
'–ü—Ä–∏–≤–µ—Ç'
'–ü—Ä–∏–≤–µ—Ç'
'–ü—Ä–∏–≤–µ—Ç'
'–ü—Ä–∏–≤–µ—Ç'
'–ü—Ä–∏–≤–µ—Ç'
'–ü—Ä–∏–≤–µ—Ç'
'–ü—Ä–∏–≤–µ—Ç'
'–ü—Ä–∏–≤–µ—Ç'
'–ü—Ä–∏–≤–µ—Ç'
'–ü—Ä–∏–≤–µ—Ç'
'–ó–Ω–∞—á–∏—Ç –Ω–µ –≤—Å–µ –ø–æ—Ç–µ—Ä—è–Ω–æ&rpar;&rpar;'
'–ü—Ä–∏–≤–µ—Ç'
'–Ø –Ω–∞ –ª—é—Ü–∏—Ñ–µ—Ä–∞ –∫–∞–∫ —Ç–æ –Ω–µ –ø–æ–¥—Å–µ–ª'
'–ü—Ä–∏–≤–µ—Ç'
'–ü—Ä–∏–≤–µ—Ç, –≥–æ–≤–æ—Ä–∏—Ç–µ –ø–æ-–∞–Ω–≥–ª–∏–π—Å–∫–∏?'
'–Ø–Ω–∞!'
'–ü—Ä–∏–≤–µ—Ç'
'–ü—Ä–∏–≤–µ—Ç, hello.'
'–ü—Ä–∏–≤–µ—Ç&rpar;'
'–¥–∞, —Å—Ç—Ä–∞–Ω–Ω–æ &colon;&rpar;'
'–¥–∞–≤–Ω–æ –≤ –º–µ–ª–±?'
'–¢—É—Ç –ø—Ä–æ—â–µ'
'–í–∏–Ω–æ–≤–∞—Ç, –≤—Ç–æ—Ä–Ω–∏–∫ –æ—Ç–º–µ–Ω–∞'
'–î–ª—è —Å–≤—è–∑–∏ —É–¥–æ–±–Ω–µ–µ –º–Ω–µ —Ç–µ–ª–µ–≥–∞\n–Ø —Ç—É—Ç https&colon;&sol;&sol;t.me&sol;shpikone'
'–ü—Ä–∏–≤–µ—Ç, —è —Ç–µ–±–µ –≤ –∏–Ω—Å—Ç –Ω–∞–ø–∏—Å–∞–ª üòÑ'
'–ü—Ä–∏–≤–µ—Ç –ò—Ä–∏–Ω–∞&rpar; hello'
'–ü—Ä–∏–≤–µ—Ç! –°–∫—É—á–∞–µ—à—å –Ω–∞ –∫–∞—Ä–∞–Ω—Ç–∏–Ω–µ?'
'–ö–∞–∫ –¥–µ–ª–∞, –µ—â—ë –Ω–∞ –∫–∞—Ä–∞–Ω—Ç–∏–Ω–µ?&rpar;'
'–ò–Ω—Ç—É–∏—Ü–∏—è'
'–í –±–∞–Ω–∫–µ, –∞–Ω–∞–ª–∏—Ç–∏–∫–æ–º'
'–¢–æ–≥–¥–∞ –¥–∞–≤–∞–π –Ω–∞ —Å–ª–µ–¥ –Ω–µ–¥–µ–ª–µ!'
'–≠—Ç–æ –æ—Ç–ª–∏—á–Ω–æ, –∑–Ω–∞—á–∏—Ç –º–µ–∫—Å–∏–∫–∞ –≤ —Å–∏–ª–µ&rpar;'
'–ê–Ω–∞–ª–∏—Ç–∏–∫–æ–º'
'–û–∫, –¥–∞–≤–∞–π'
'–ö—Å—Ç–∞—Ç–∏, —Ç—ã –í–∏–æ–ª–µ—Ç—Ç–∞? –í–∞—Ä–≤–∞—Ä–∞? –í–∞—Å–∏–ª–∏—Å–∞?'
'–ü—Ä–æ—á–∏—Ç–∞–π —Ç—Ä–∏ —Ä–∞–∑–∞! üòÑ'
'–ú–æ–∂–Ω–æ –Ω–∞ —Å–ª–µ–¥ –Ω–µ–¥–µ–ª–µ, –µ—Å–ª–∏ —è –±—É–¥—É —Å–≤–æ–±–æ–¥–µ–Ω'
'–•–æ—Ä–æ—à–µ–π –ø–æ–µ–∑–¥–∫–∏, –ø—Ä–∏–≤–µ–∑–∏ –º–Ω–µ –º–∞–≥–Ω–∏—Ç–∏–∫&rpar;&rpar;'
'–Ø –Ω–∞–ø–∏—Å–∞–ª —Ç–µ–±–µ&rpar;'
'–ù—É –∏–ª–∏ –∫–∞–∫ —Ç–æ —è –∫—É–ø–∏–ª —Å–Ω–∏–∫–µ—Ä—Å –∏ —Å—ä–µ–ª –µ–≥–æ –î–û –æ–±–µ–¥–∞!üòé'
'organs. –æ—Ä–≥–∞–Ω–∏...'
'–®–ª—è–ø–∞?'
'–ù–µ—Ç'
'–î–∏–º–∞ ü§ù'
'BUT –¢–ò –ò–ú–ê–® –ú–ù–û–ì–û –•–£–ë–ê–í–ò –ß–ï–†–¢–ò'
'–ê–º–∏ –¥–æ–±—Ä–µ —Å—ä–º, –∏ —Ç–∏?'
'–ß—Ç–æ? ü§î'
'–ù–µ—Ç'
'–ë–∞—á–∏—à, —Ç–∏ –º–µ–Ω–µ –≤–∂–µ –∑–∞–ø–ª—É—Ç–∞–ª–∞ - –Ω–µ &quot;–©–æ&quot;, –∞ &quot;–ß–æ&quot;  &rpar;&rpar;'
'–¶–µ –Ω–µ –ñ–∏—Ç–æ–º–∏—Ä?'
'–¢—é'
'–î–∞ –Ω–µ—Ç, –¥—É—Ä–∞ –ø—Ä–æ—Å—Ç–æ.'
'–û–π, –Ω–µ —Ö–∞–ª–∞—Ç'
'–©–æ, –≤ —Ç–µ–±–µ –Ω–æ—É—Ç–±—É–∫ ?'
'–£–≤–µ—Ä–µ–Ω, —á—Ç–æ –ø—É–±–ª–∏–∫–∞ –æ—Ü–µ–Ω–∏—Ç'
'–¢—É—Ç –ø—Ä–æ—â–µ'
'–î–∞, –∫–æ–Ω–µ—á–Ω–æ. –ë–µ–∑ –æ–±–∏–¥'
'–Ø –≤ –∫—É—Ä—Å–µ &rpar;'
'–û–∫. –ò–∑–≤–∏–Ω–∏.'
'–ü—Ä–∏–≤–µ—Ç'
'–ù–∞ –ü–µ–π–∑–∞–∂–∫–µ'
'–ü–∏—à–∏ –≤ –¢–ì, –∞ —Ç–æ —É —á–∞—Ç–∏–∫–∞ –ø—Ä–∞–π–º—Ç–∞–π–º, –ø–æ—Ö–æ–∂–µ'
'–ü–∏—à–∏ –≤ –¢–ì, –∞ —Ç–æ —É —á–∞—Ç–∏–∫–∞ –ø—Ä–∞–π–º—Ç–∞–π–º, –ø–æ—Ö–æ–∂–µ'
'–ü—Ä–∏–≤–µ—Ç &rpar;'
'–ò –Ω–µ –Ω–∞–π–¥—É—Ç üòÇ'
'–ü–æ—á—Ç–∏ –∫–∞–∫ –≤ –ø–µ—Å–Ω–µ - –ö–æ—Ç–∏–∫–∏ - –Ω–µ –Ω–∞—Ä–∫–æ—Ç–∏–∫–∏!'
'–ü—Ä–∏–≤–µ—Ç &rpar;'
'–ü—Ä–∏–≤–µ—Ç, —Ä–æ–∫–∑–≤–µ–∑–¥–∞! –ì–¥–µ —Ç–≤–æ—è –≥–∏—Ç–∞—Ä–∞? '
'–ü—Ä–∏–≤–µ—Ç'
'–ü—Ä–∏–≤–µ—Ç'
'–ü—Ä–∏–≤–µ—Ç'
'–ü—Ä–∏–≤–µ—Ç'
'–î–∞, –¥–∞–≤–∞–π –≤ —Å—Ä–µ–¥—É'
'&quot;—Å–¥–∏–º–∞—Å–Ω–∏—á–∞–ª&quot;'
'–í—Å—ë, —è –Ω–∞ –∫—Ä–µ—â–∞—Ç–∏–∫–µ, –∂–¥—É —Ç–µ–±—è'
'–ü—Ä–∏–≤–µ—Ç'
'–ü—Ä–∏–≤–µ—Ç'
'–ü—Ä–∏–≤–µ—Ç'
'–¢–æ–≥–¥–∞ 7&colon;30'
'–ê–π—Ç–∏—à–Ω–∏–∫ —è'
'–ü–∏—Ç–æ–Ω–∏—Å—Ç'
'–ü—Ä–∏–≤–µ—Ç'
'–ü—Ä–∏–≤–µ—Ç'
'–ù—É –∑–Ω–∞—á–∏—Ç –ø—è—Ç–Ω–∏—Ü–∞'
'–ü—Ä–∏–≤–µ—Ç'
'–ü—Ä–∏–≤–µ—Ç'
'–ü—Ä–∏–≤–µ—Ç'
'–¢–∞–∫—Å —Ç–∞–∫—Å —Ç–∞–∫—Å'
'–ê–≥–∞'
'–í—Å–µ –ø—Ä–∏–µ–∑–∂–∏–µ'
'–ü—Ä–∏–≤–µ—Ç'
'–ü—Ä–∏–≤–µ—Ç'
'–î–∏–º–æ–Ω–∞-–ø–æ–∫–µ–º–æ–Ω–∞'
'–ù—É —Ç–æ–≥–¥–∞ –ø—Ä–∏–µ–∑–∂–∞–π &colon;&rpar;'
'–ü–æ–Ω—è–ª –ø—Ä–∏–Ω—è–ª, —â–∞ –ø–æ—Å–ø—Ä–∞—à–∏–≤–∞—é'
'–¢–æ–∂–µ?'
'+380958157836 —Ç–≥ –±—Ç–≤'
'–û–∫–∏'
'–ü—Ä–∏–≤–µ—Ç'
'–û–æ–æ –Ω–∞–π—Å'
'@deliveryboyy –≤ —Ç–µ–ª–µ–≥—Ä–∞–º–µ'
'–ü—Ä–∏–≤–µ—Ç'
'–ü—Ä–∏–≤–µ—Ç'
'–®–∞—Ä–∏—à—å –î–∞–π—Ç–µ –¢–∞–Ω–∫ &lpar;!&rpar; ?'
'–ê–∏–≥–µ–ª?'
'–•–º'
'–ü—Ä–∏–≤–µ—Ç, –ù–∞—Å—Ç—è'
'–ü—Ä–∏–≤–µ—Ç'
'–ü—Ä–∏–≤–µ—Ç&rpar;'
'–ü—Ä–∏–≤–µ—Ç'
'–ü—Ä–∏–≤–µ—Ç, –õ–∏—Å'
'–ü—Ä–∏–≤–µ—Ç!\n–ö–∞–∫ –Ω–∞—Å—Ç—Ä–æ–µ–Ω–∏–µ?'
'–°–ª—É—á–∞–π–Ω–æ —Å–º–∞–π–ª–∏–∫ –æ—Ç–ø—Ä–∞–≤–∏–ª–∞ –∏–ª–∏ —Å–ª—É—á–∞–π–Ω–æ –≤–ø—Ä–∞–≤–æ —Å–≤–∞–π–ø–Ω—É–ª–∞?&rpar;&rpar;'
'–ü—Ä–∏–≤–µ—Ç! –ö–∞–∫ –Ω–∞—Å—Ç—Ä–æ–µ–Ω–∏–µ, –°–∞—à–∞?'
'–ö–∞–∫ –Ω–∞—Å—Ç—Ä–æ–µ–Ω–∏–µ, –ú–∞—à–∞?'
'–ü—Ä–∏–≤–µ—Ç! –ö–∞–∫ –Ω–∞—Å—Ç—Ä–æ–µ–Ω–∏–µ, –°–≤–µ—Ç–∞?'
'–ß—Ç–æ –∑–∞ –¥–µ–≤–∞–π—Å?'
'–û—É, –Ω–∞–π—Å'
'–¢–∫–Ω–∏ –º–µ–Ω—è –≤ –≤–∫ –ª—É—á—à–µ&colon; vk.com&sol;deliveryboyy'
'–ò–ª–∏ –ø–æ–ª—Ç–æ—Ä–∞ –¥–Ω—è –≤ –ø—Ä–æ–±–∫–µ'
'–í–Ω–µ–∑–∞–ø–Ω–æ –≤ –ú–µ–∫—Å–∏–∫—É'
'–ß—É–¥–∞–∫ –∫–∞–∂–¥–æ–µ –ª–µ—Ç–æ –≤ –•–∞ –ø—Ä–∏–µ–∑–∂–∞–µ—Ç –Ω–∞ –∫–æ—Ä–ø–æ—Ä–∞—Ç–∏–≤'
'–í—Å–µ —Ç–∞–∫ —Å–º–æ—Ç—Ä—è—Ç –Ω–∞ –Ω–µ–≥–æ –º–æ–ª—á–∞'
'–¢.–µ. –µ—Å–ª–∏ –æ–Ω–∏ —á—ë—Ç–æ –Ω–µ –∑–Ω–∞—é—Ç, —Ç–æ —è —Ç–∏–ø –∑–Ω–∞—é'
'–ü–æ–∫–∞ –Ω–µ—Ç&rpar;&rpar;'
'–ó–∞*'
'–£–≤–∏–¥–µ–ª —Ñ–æ—Ç–æ –≥–ª–∞–∑–∞ —É —Ç–µ–±—è –≤ –∏–Ω—Å—Ç–µ'
'–•–æ—Ç–µ–ª –≤ –æ—Ç—Ä–æ—á–µ—Å—Ç–≤–µ –Ω–∞ —é—Ä–∫—É, –Ω–æ –ø–æ–Ω—è–ª —á—Ç–æ –±—é—Ä–æ–∫—Ä–∞—Ç–∏—è - –Ω–µ –º–æ—ë'
'–ù–∞–∞–π—Å. –ü–∞–ª–∏ —Ñ–æ—Ç–∫—É'
'–ó–Ω–∞—á–∏—Ç –Ω–∞ –±–¥—Å–º –≤ –æ—Ç–Ω–æ—à–µ–Ω–∏—è—Ö –≥–æ—Ç–æ–≤–∞? üòÑ'
'–ü—Ä–∏–≤–µ—Ç'
'–ü—Ä–∏–≤–µ—Ç'
'–ü—Ä–∏–≤–µ—Ç'
'–ü—Ä–∏–≤–µ—Ç, –¥–∞–≤–∞–π –ø—Ä–æ–≤–µ—Ä–∏–º –Ω–∞—à–∏ —Å–æ–≤–ø–∞–¥–µ–Ω–∏—è üòâ'
'–ü—Ä–∏–≤–µ—Ç'
'–ü—Ä–∏–≤–µ—Ç, –¥–∞–≤–∞–π&rpar;'
'–ê —á–µ–≥–æ –±–µ–∑ —Ñ–æ—Ç–æ?'
'–ü—Ä–∏–≤–µ—Ç'
'–•–µ–π'
'–£ —Ç–µ–±—è —Å–∏–Ω—è–∫–∏ –ø–æ–¥ –≥–ª–∞–∑–∞–º–∏ –∫–∞–∫ —É –Ω–∞—Ä–∫–æ–º–∞–Ω–∫–∏ üòÑ'
'–ù—É –Ω–∞–ø—Ä–∏–º–µ—Ä?'
'–ü—Ä–∏–≤–µ—Ç'
'–ü—Ä–∏–≤–µ—Ç'
'–ü—Ä–∏–≤–µ—Ç'
'–ü—Ä–∏–≤–µ—Ç'
'–ü—Ä–∏–≤–µ—Ç'
'–ü—Ä–∏–≤–µ—Ç'
'–ü—Ä–∏–≤–µ—Ç'
'–ö—Å—Ç–∞—Ç–∏, —Ç–æ—Ä—Ç —Ç–≤–æ–π –∏–ª–∏ –∏–∑ –∏–Ω–µ—Ç–µ —Ñ–æ—Ç–æ?'
'–ò–Ω–µ—Ç–∞'
'–ê —è –Ω–∞ –ø—Ä –º–∏—Ä–∞.'
'–ü—Ä–∏–≤–µ—Ç'
'–ü—Ä–∏–≤–µ—Ç&rpar;'
'–û–±—ä—è—Å–Ω–∏ –ø–æ—á–µ–º—É?'
'–ò–∑-–∑–∞ –æ–ø–∏—Å–∞–Ω–∏—è?'
'–ü—Ä–∏–≤–µ—Ç'
'–ü—Ä–∏–≤–µ—Ç'
'–ü—Ä–∏–≤–µ—Ç'
'–ü—Ä–∏–≤–µ—Ç'
'–Ø –Ω–∞ —Ç—Ä–µ–Ω–µ, –ø–æ–∑–∂–µ'
'–ü—Ä–∏–≤–µ—Ç'
'–ü—Ä–∏–≤–µ—Ç'
'–ü—Ä–∏–≤–µ—Ç'
'–û–∫, –¥–∞–≤–∞–π'
'–ù–∞–ø–∏—Å–∞–ª'
'–û–∫—Å–∞–Ω–∞ –ø—Ä–∏–≤–µ—Ç &rpar;\n–ö–∞–∫ —É —Ç–µ–±—è –Ω–∞—á–∞–ª–æ –Ω–µ–¥–µ–ª–∏ ?'
'–ü—Ä–∏–≤–µ—Ç'
'–ü—Ä–∏–≤–µ—Ç'
'–î–∞, –¥–∞–≤–∞–π'
'–ê–Ω—è, –ø—Ä–∏–≤–µ—Ç üôÇ'
'–ü—Ä–∏–≤–µ—Ç, \n–í—Å–µ –≤ —Å–∏–ª–µ ?'
'–ü—Ä–∏–≤–µ—Ç &rpar;'
'–ü—Ä–∏–≤–µ—Ç &rpar;'
'–ü—Ä–∏–≤–µ—Ç &rpar;'
'–ü—Ä–∏–≤–µ—Ç &rpar;'
'–î–∞–≤–∞–π –Ω–∞ —Å—Ä–µ–¥—É ? –í —Ä–∞–π–æ–Ω–µ 19, –ø–æ–¥—ä–µ–¥—É –∫ —Ç–µ–±–µ &rpar;'
'–û–∫'
'–ï–¥—É'
'–ü—Ä–∏–≤–µ—Ç &rpar;'
'–ö–æ–Ω–µ—á–Ω–æ –¥–∞–≤–∞–π üòÅ'
'–ö–∞–∫ —Ç–µ–±–µ –∑–∞–≤—Ç—Ä–∞ –≤ –æ–±–µ–¥ ?'
'–ü—Ä–∏–≤–µ—Ç &rpar;'
'–ö–∞—Ç—è, –ø—Ä–∏–≤–µ—Ç üòâ'
'–ü—Ä–∏–≤–µ—Ç ‚ù§Ô∏è &rpar;'
'–õ–∏–∑–∞, –ø—Ä–∏–≤–µ—Ç ‚ù§Ô∏è'
'–ù–∞–ø–∏—à–∏ –ø—Ä–æ —Å–µ–±—è üôÉ'
'–•–∞ —Ö–∞ &rpar;'
'–ü—Ä–æ 2—Ö –∞–π—Ç–∏—à–Ω–∏–∫–æ–≤ –≤ –ø–æ–¥–≤–∞–ª–µ, –¥–∞ &rpar;&rpar;&rpar;&rpar;'
'–û–∫ &rpar;\n–ù–∞—Å—Ç–æ–ª–∫–∏&colon; \n–î–∂–µ–Ω–≥–∞ \nTicket to ride –ï–≤—Ä–æ–ø–∞ \n–§–µ—Ä–º–∞ &rpar;\nDisney Villainous \n–†–∏–∫ –∏ –ú–æ—Ä—Ç–∏ –≤—Å–º–æ—Ä—Ç–∏—Ç—å –≤—Å–µ'
'–î–æ–º–∏–∫ –µ—â—ë &rpar;'
'–ñ–µ–Ω—â–∏–Ω üòÜ'
'–ü–æ–Ω—è—Ç–Ω–æ &rpar;'
'–ù—É –¥–∞ &rpar;'
'–ù–µ—Ç'
'–ü—Ä–∏–≤–µ—Ç &rpar;\n–°–ø–∞—Å–∏–±–æ –∑–∞ —Å–µ—Ä–¥–µ—á–∫–æ, –ø—Ä–∏—è—Ç–Ω–æ üòä'
'–î–∞–≤–∞–π –ø—è—Ç–Ω–∏—Ü–∞ 4 &rpar;'
'–°–ø–∞—Å–∏–±–æ &rpar;'
'–ü—Ä–∏–≤–µ—Ç'
'–ò–Ω—Ç–µ—Ä–µ—Å–Ω–æ &rpar;\n–ù—É —Ç–æ–≥–¥–∞ –¥–∞–≤–∞–π –Ω–µ –Ω–∞ –Ω–µ–¥–µ–ª–µ üôÉ'
'–ü—Ä–∏–≤–µ—Ç'
'–ü—Ä–∏–≤–µ—Ç'
'–ü—Ä–∏–≤–µ—Ç'
'–ü—Ä–∏–≤–µ—Ç'
'–ü—Ä–∏–≤–µ—Ç–∏–∫'
'–î–æ—Ä–æ–≤–∞&rpar;'
'–î–æ—Ä–æ–≤–∞&rpar;'
'–î–æ—Ä–æ–≤–∞&rpar;'
'–ü—Ä–∏–≤–µ—Ç–∏–∫'
'–ü—Ä–∏–≤–µ—Ç–∏–∫'
'–ü—Ä–∏–≤–µ—Ç–∏–∫&rpar;'
'–ü—Ä–∏–≤–µ—Ç&rpar;'
'–ü—Ä–∏–≤–µ—Ç'
'–ü—Ä–∏–≤–µ—Ç, –°–∞—à–∞!'
'–ü—Ä–∏–≤–µ—Ç&rpar;'
'–ü—Ä–∏–≤–µ—Ç&rpar;'
'–ü—Ä–∏–≤–µ—Ç–∏–∫&rpar;'
'–ü—Ä–∏–≤–µ—Ç–∏–∫&rpar;'
'–ü—Ä–∏–≤–µ—Ç–∏–∫'
'–ü—Ä–∏–≤–µ—Ç&rpar;'
'–í—á–µ—Ä–∞ –∑–∞—â–∏—Ç–∏–ª –¥–∏–ø–ª–æ–º'
'–ü—Ä–∏–≤–µ—Ç&rpar;'
'–ü—Ä–∏–≤–µ—Ç–∏–∫&rpar;'
'–ü—Ä–∏–≤–µ—Ç–∏–∫'
'–ü—Ä–∏–≤–µ—Ç–∏–∫'
'–ü—Ä–∏–≤–µ—Ç&rpar;'
'–ü—Ä–∏–≤–µ—Ç&rpar;'
'–ü—Ä–∏–≤–µ—Ç&rpar;'
'–ü—Ä–∏–≤–µ—Ç&rpar;'
'–ü—Ä–∏–≤–µ—Ç&rpar;'
'–ü—Ä–∏–≤–µ—Ç&rpar;'
'–ü—Ä–∏–≤–µ—Ç–∏–∫'
'–ü—Ä–∏–≤–µ—Ç'
'–ü—Ä–∏–≤–µ—Ç–∏–∫'
'–ü—Ä–∏–≤–µ—Ç–∏–∫'
'–ü—Ä–∏–≤–µ—Ç–∏–∫'
'–ü—Ä–∏–≤–µ—Ç–∏–∫'
'–ù—è—à–∞-—Å—Ç–µ—Å–Ω—è—à–∞?'
'–ú–Ω–µ –≤—Å–µ–≥–¥–∞ –ø—Ä–∏–≤–ª–µ–∫–∞–µ—Ç Hawkeye –∏ Spider-Man&rpar;'
'–ú–Ω–µ –≤—Å–µ–≥–¥–∞ –ø—Ä–∏–≤–ª–µ–∫–∞–µ—Ç Hawkeye –∏ Spider-Man&rpar;'
'–ù—É—É—É—É—É—É, –ù–∞—Ç–∞—à–∞ —Ç–æ–∂–µ. –ê –≤ —á–∞—Å—Ç–Ω–æ—Å—Ç–∏ - Scarlett Johansson&rpar;'
'–ê–ª–æ –∞–ª–æ'
'–ù–∏–∫–∞–∫'
'–ù–µ—Ç'
'–£–≥–∞–¥–∞–π '
'–ò–∑ –∏–Ω—Ç–µ—Ä–Ω–µ—Ç–∞'
'–Ø –ø—Ä–æ—Å—Ç–æ –æ—Ç–≤–µ—á–∞—é emoji –Ω–∞ emoji&rpar;'
'–û–æ–æ–æ, –∫–∞–∫ –≤ —Å–µ—Ä–∏–∞–ª–µ suits&rpar;'
'–ú–∞–ª–æ —É —Ç–µ–±—è –≤—Ä–µ–º–µ–Ω–∏, –∞?'
'–ü—Ä–∏–≤–µ—Ç, –î–∞—à–∞!'
'–î–∞–≤–∞–π&rpar;'
'–°–ø–∞—Å–∏–±–æ&rpar;'
'–ê —Ä–æ–¥–∏—Ç–µ–ª–∏ 100% –ø–æ–ª—è–∫–∏'
'–ù–µ –º–æ–≥—É –Ω–∞–π—Ç–∏ —Ç–µ–±—è'
'–ñ–¥—É –æ–∫–æ–Ω—á–∞–Ω–∏—è –∫–∞—Ä–∞–Ω—Ç–∏–Ω–∞'
'–ö–∞–∫ –¥–µ–ª–∏—à–∫–∏ –∏ —É—á—ë–±–∞ –Ω–∞ –¥–∏–∑–∞–π–Ω–µ—Ä–∞?'
'–í–æ–æ–±—â–µ –Ω–µ—Ç'
'–ù–µ –ø–æ–Ω—è–ª'
'–£–≥–∞–¥–∞–π'
'–ö—Ä—É—Ç–æ&rpar;'
'–ü—Ä–∏–≤–µ—Ç&rpar;'
'–£ —Ç–µ–±—è –Ω–∞–≤–µ—Ä–Ω–æ –ª–æ–∫–∞–ª–∏–∑–∞—Ü–∏—è –Ω–∞ –ú–æ—Å–∫–≤—É'
'–û–±—ä—è—Å–Ω–∏—à—å?'
'–£ –Ω–∞—Å —Ç–æ–∂–µ –∑–∞–Ω—è—Ç–∏—è –æ–Ω–ª–∞–π–Ω'
'–ù–µ—Ç'
'–î–∞–≤–∞–π!&rpar;'
'–ü—Ä–∏–≤–µ—Ç'
'–ù–µ—Ç, –∏–∑ –ö–æ–Ω–∏–Ω–∞'
'–û–π –±–ª–∏–Ω, –Ω–µ –ø–æ–º–Ω—é &colon;&lpar; 100% –∫–∞–∫–∞—è-—Ç–æ –∏–∑ Garnier'
'–ü—Ä–∏–≤–µ—Ç–∏–∫!'
'–ü—Ä–∏–≤–µ—Ç–∏–∫!'
'–ü—Ä–∏–≤–µ—Ç&rpar;'
'–ü—Ä–∏–≤–µ—Ç'
'–•–î'
'–î–∞–≤–∞–π&rpar;'
'–°–µ–π—á–∞—Å —É–∂–µ –Ω–∞ 3'
'–•–î'
'–£–≥–∞–¥–∞–π&rpar;'
'–°–ø–∞—Å–∏–±–æ&rpar;'
'–£–≤–∏–¥–∏–º'
'–ë–ª–∏–Ω'
'No c√≥≈º, –¥–æ —Å–≤–∏–¥–∞–Ω–∏—è'
'–ù–µ—Ç'
'–û'
'–ù—É –¥–∞–≤–∞–π, —Å–∫–∞–∂–∏'
'–ë–ª–∏–Ω'
'–ü—Ä–∏–≤–µ—Ç&rpar;'
'24 –∞–≤–≥—É—Å—Ç–∞ –±—É–¥—É –≤ –ö–∞–ª–∏–Ω–∏–Ω–≥—Ä–∞–¥–µ'
'–ü—Ä–∏–≤–µ—Ç'
'–ø–æ –°–ü–ë ? '
'–Ø –µ—Ç–∞ —Ö–æ–ø–µ—Ä–∏–∫'
'–ó–¥—Ä–∞–≤–µ–π –î–µ—Å–∏ ‚ò∫Ô∏è'
'–ó–Ω–∞—á–∏ –Ω–µ—â–æ —Å–≤—ä—Ä–∑–∞–Ω–æ —Å –±–æ—Ç–æ–≤–µ –ø–ø—Ü'
'–ù–∞ —Ä–∞–±–æ—Ç–∞ —Å–µ –∑–∞–Ω–∏–º–∞–≤–∞–º —Å—ä—Å —Å–æ—Ñ—Ç—É–µ—Ä –∑–∞ –∫–æ–ª–∏ –ø—Ä–∏–º–µ—Ä–Ω–æ'
'–ê –∫–∞–∫–≤–∞ —Ç–∏ –µ –∏–¥–µ—è—Ç–∞ –Ω–∞ —Ç–µ–± üôÇ'
'–ü–æ–Ω–µ —Å —Ç–∞–Ω–∞–Ω–∏–∫–∞–Ω–µ—Ç–æ'
'–ù–æ –Ω–µ –µ –ª–æ—à–∞ –∏–¥–µ—è &colon;&rpar;'
'–ê–∫–æ –Ω—è–∫–æ–≥–∞ –≥–æ –Ω–∞–ø—Ä–∞–≤—è —Ç–≤–∞ –∏ –≤–∑–µ–º–∞ –¥–∞ –ø—Ä–æ–±–∏—è –æ–±–µ—â–∞–≤–∞–º —á–µ —â–µ —Ç–∏ –¥–∞–º —á–∞—Å—Ç –æ—Ç –ø–∞—Ä–∏—Ç–µ üòâ'
'–í–µ—á–µ –µ –∫—ä—Å–Ω–æ –Ω–µ —Ç—Ä—è–±–≤–∞—à–µ –¥–∞ –º–∏ —è –∫–∞–∑–≤–∞—à \U0001f972'
'–©–µ —Å–µ —Å—ä–¥–∏–º –∑–Ω–∞—á–∏ –∞'
'–ê–º–∏ –≤ —Ç–∞–∫—ä–≤ —Å–ª—É—á–∞–π –ø—Ä–µ–¥–ª–∞–≥–∞–º –¥–∞ –Ω–∞—Å—Ä–æ—á–∏–º –µ–¥–Ω–æ –∑–∞—Å–µ–¥–∞–Ω–∏–µ –¥—Ä—É–≥–∞—Ç–∞ —Å–µ–¥–º–∏—Ü–∞'
'–ö–∞–∫ —Å–∏ üòä'
'–ê–•–ê–•–ê–•–ê–•–•–ê–•–ê'
'–≤ –ö–∏–µ–≤ –Ω–µ –ø–ª–∞–Ω–∏—Ä—É–µ—Ç–µ?'
'–ø–æ–ª–∏—Ç–æ–ª–æ–≥–∏—è'
'–Ω–µ-–∞'
'–ø–∞—Å—Å–∞–∂ –Ω–∞ –∫—Ä–µ—â–∞—Ç–∏–∫–µ –∑–Ω–∞—é, –Ω–æ –Ω–µ –Ω–∞ –ø–æ–¥–æ–ª–µ.....'
'–Ω–µ—Ñ–∏–ª—å—Ç—Ä–∞—Ç –µ—â–µ –∏–∑–≤–µ—Å—Ç–µ–Ω –∫–∞–∫ –≤–µ—Ä–Ω–∏—Å–∞–∂ –∏ –±–∏—Ä –æ–Ω –ª–∞–π–Ω'
'—Å–ª–æ—É–¥–∞–π–≤, mbv, cocteau twins –∏ –ø—Ä–æ—á–µ–µ'
'–ø—Ä–∏–≤–µ—Ç! –∞ —á—Ç–æ –∑–∞ —Å—ä–µ–º–∫–∏?'
'–æ—É—É—É —â–∏—Ç'
'–∞–≥–∞....'
'–ø—Ä–∏–≤–µ—Ç! —Å–º—É—â–∞–µ—Ç —á—Ç–æ-—Ç–æ? &colon;-&lpar;'
'–Ω–æ–Ω-–≥–æ–≤–µ—Ä–Ω–º–µ–Ω—Ç –æ—Ä–≥–∞–Ω–∞–π–∑–µ–π—à–Ω'
'–∏ –∫–∞–∫ –æ–Ω–æ —Ç–µ–±–µ –≤–æ–æ–±—â–µ? –Ω–µ —É–º–∏—Ä–∞–ª–∞?'
'–æ–π –∞ –∫—É–¥–∞ –∑–∞–≥—Ä–∞–Ω–∏—Ü—É –ø–ª–∞–Ω–∏—Ä—É–µ—Ç–µ –Ω–∞ –≥—É–º–∞–Ω–∏—Ç–∞—Ä–∏—Å—Ç–∏–∫—É-—Ç–æ? –∏ –Ω–∞ –∫–∞–∫–æ–µ –Ω–∞–ø—Ä–∞–≤–ª–µ–Ω–∏–µ?'
'–Ω–∞ –º–∞–≥–∏—Å—Ç—Ä–∞—Ç—É—Ä—É –ø–æ–ª–∏—Ç–æ–ª–æ–≥–∏–∏ —Ç–æ—á–Ω–æ –Ω–µ –ø–æ–π–¥—É&rpar;&rpar;&rpar;&rpar;&rpar;'
'–º–± –ø–æ–∏—â—É —Ç–æ–∂–µ –ø–æ –∑–∞–≥—Ä–∞–Ω–∏—Ü–∞–º —á–µ—Ç–æ'
'–¥—É—à–∞ –≤ –¥—É—à—É!'
'–Ω–∞ –ø—Ä–∞–≤–µ, —á—Ç–æ –ª–∏??'
'–ø—Ä–∏–≤–µ—Ç –∫—Ä–∞—Å–∞–≤–∏—Ü–∞, —á–µ –º–æ–ª—á–∏—à—å ?&rpar;'
'–∫—Å—Ç–∞—Ç–∏, —Å —Ñ–∏–Ω–∏–∫–∞–º–∏ –µ—â–µ –≤–æ–ø—Ä–æ—Å'
'–ü—Ä–∏–≤–µ—Ç'
'–ü—Ä–∏–≤–µ—Ç. –ê–Ω–≥–ª–∏–π—Å–∫–∏?'
'–ü—Ä–∏–≤–µ—Ç. –ê–Ω–≥–ª–∏–π—Å–∫–∏?'
'–ê–Ω–≥–ª–∏–π—Å–∫–∏?'
'–ù–µ—Ç'
'–ü—Ä–∏–≤–µ—Ç'
'–ö–∞–∫ –Ω–∞—Å—á–µ—Ç —Ç–µ–±—è?'
'–ê –µ—Å–ª–∏ —Ö—É–º—É—Å, –ø–∏—Ç–∞, –≤–µ–≥–∞–Ω—Å–∫–∞—è –µ–¥–∞?'
'–•–∞—Ö–∞ –¥–∞–≤–∞–π'
'–§–∏—Ñ—Ç–∏ —Ñ–∏—Ñ—Ç–∏ &colon;&rpar;'
'–ü–∏—à–∏ —Ç–µ–ª–µ–≥—Ä–∞–º'
'–ó–∞–≤—Ç—Ä–∞ 19?'
'–¢–∏–∫—Ç–æ–∫ ?&rpar;'
'–ì–∞—Ç—Ç–∞–∫–∞ –∫—Ä—É—Ç–æ–π'
'–ó–∞–≥–∞–¥–æ—á–Ω–∞—è –∏—Å—Ç–æ—Ä–∏—è –ë–µ–Ω–¥–∂–∞–º–∏–Ω–∞ –ë–∞—Ç—Ç–æ–Ω–∞'
'–ò —Ç–¥'
'–ü–∏—à–∏ —Ç–µ–ª–µ–≥—Ä–∞–º'
'–ß—Ç–æ –∂–µ –æ–Ω–∏ –≥–æ–≤–æ—Ä—è—Ç?&rpar;'
'–ù—É, –∑–Ω–∞—á–∏—Ç –Ω–µ –≤—Å–µ –ø–æ—Ç–µ—Ä—è–Ω–æ üôÇ'
'–†–§'
'–ö—É–ø–∏–ª–∞ –¥–∂–∏–Ω—Å–∏–∫–∏? üôÇ'
'–ò–ª–æ–Ω–∞'
'–ù–æ –∑–∞—Ç–æ –ø–æ –∞–Ω–≥–ª–∏–π—Å–∫–∏ –º–æ–≥—É'
'–ù–µ—Ç, –≤ –ö–∏–µ–≤–µ&rpar;'
'–î–∞–≤–∞–π –∑–∞–≤—Ç—Ä–∞&rpar;'
'–ü–∏—à–∏ —Ç–µ–ª–µ–≥—Ä–∞–º'
'–ê —Ç—É—Ç —Ö–æ–ª–æ–¥–Ω–æ –∏ –¥—É—à–Ω–æ &colon;&lpar;'
'–†–∞–∑ –≤ —Å—Ç–æ –ª–µ—Ç'
'–î–∞ —Ç—Ä–µ–π–¥–∏–Ω–≥ –∏ –ò–¢'
'–ò –Ω–µ –Ω–∞—Ä–∫–æ—Ç–∏–∫–∞–º–∏üòÇ'
'–°—Ç–∞—Ä—Ç–∞–ø–∞–º–∏ üòå'
'–•–∞—Ö–∞'
'–•–∞—Ö–∞'
'–ù–µ —Ñ–∞–Ω–∞—Ç –ë—É–ª–≥–∞–∫–æ–≤–∞ ü§∑'
'–î–∞—Ä–∏—è'
'–•–∞—Ö–∞ –º–∏–ª–æ'
'–ò–Ω—Ç—Ä–∏–≥–∞ üòè'
'–ê —Ç–∞–∫ –æ—Ç –º–µ—Å—Ç–∞ –∑–∞–≤–∏—Å–∏—Ç –∏ –Ω–∞—Å—Ç—Ä–æ–µ–Ω–∏—è'
'–•–µ–ª–æ—É'
'–†–∞–∑–≤–µ –Ω–µ –∑–∞–≥–∞–¥–∫–∞? üòÇ'
'–¢–µ–±—è'
'–í–∏–∫—Ç–æ—Ä–∏—è üòå'
'–ê –¥–∞–≤–∞–π, –ø–∏—à–∏ —Ç–µ–ª–µ–≥—Ä–∞–º&sol;–≤–æ—Ç—Å–∞–ø'
'–ê–Ω–Ω–∞'
'–ü–∏—à–∏ —Ç–µ–ª–µ–≥—É'
'–ß–µ—Ä–µ–∑ –Ω–µ–¥–µ–ª—é –º–∞–∫—Å–∏–º—É–º'
'–ò–ª–∏'
'–ò —á—Ç–æ –¥–µ–ª–∞–µ—à—å? –¢–∏–ø–∞ –¥–∞—Ç–∞ —Å–∞–µ–Ω—Å –∏ –º–∞—à–∏–Ω –ª–µ—Ä–Ω–∏–Ω–≥ –∏ —Ç–¥?'
'–ò–∑ –∂–∏–∑–Ω–∏, –∫–Ω–∏–≥ –∏ –∫–∏–Ω–æ'
'–ò–∑–∏ üòÇ'
'–ú–∞—Ä–∏–Ω–∞'
'–ù–µ—Ç'
'–•–∞—Ö–∞'
'–ú–Ω–µ –∫–∞–ø—É—á–∏–Ω–æ –∏–ª–∏ –ª–∞—Ç—Ç–µ –ø–æ–∂–∞–ª—É–π—Å—Ç–∞üòã'
'–Ø —Ç–µ—Å—Ç —Å–¥–µ–ª–∞–ª'
'–¢–µ–±—è —Ä–æ–¥–∏—Ç–µ–ª–∏ –≤–æ–æ–±—â–µ –æ—Ç–ø—É—Å—Ç—è—Ç? &colon;D'
'–Ø —Ä–∞–±–æ—Ç–∞—é –Ω–∞ —Å–µ–±—è'
'–õ–∞–¥–Ω–æ –¥–∞–≤–∞–π –æ –ª—é–±–≤–∏'
'–°–∞–º–∞ –Ω–∞–ø–∏—Å–∞–ª–∞?'
'–ê–≥–∞'
'–£ –º–µ–Ω—è –¥–µ–¥—É—à–∫–∞ –µ–≤—Ä–µ–π'
'–•–∏—Ç—Ä–æ&rpar;'
'–ù—É –∫–∞ –∑–∞—á–∏—Ç–∞–π'
'–ù–µ–º–Ω–æ–∂–∫–æ –Ω–µ –¥–æ—Ç—è–Ω—É–ª'
'–ï—Å–ª–∏ —Ç–µ–±—è –∫–æ–Ω–µ—á–Ω–æ –æ—Ç–ø—É—Å—Ç—è—Ç —Ä–æ–¥–∏—Ç–µ–ª–∏üòÇ'
'–ê–≥–∞'
'–ü–æ–Ω—è—Ç–Ω–æ&rpar;'
'–û—Ç–ª–∏—á–Ω–æ.'
'–°–ø–±'
'–ú–º –Ω–µ –∑–Ω–∞–ª —á—Ç–æ –í–∞—Ä—à–∞–≤–∞ —Ç–∞–∫ –±–ª–∏–∑–∫–æüòÇ'
'–ê–∞ –ø–æ–Ω—è—Ç–Ω–æ&rpar;&rpar;'
'–ê–Ω–∞—Å—Ç–∞—Å–∏—è'
'–í–µ—Ä–∏—Ñ–∏–∫–∞—Ü–∏—è'
'–ú–∞–∫—Å–∏–º—É–º —Ç–æ—Ç –∂–µ, –Ω–æ –Ω–∞ 10–∫–≥ —Ç—è–∂–µ–ª–µ–µüòÇ'
'–û–∫–µ'
'–ù–∞–ø–∏—Å–∞–ª'
'–ù–æ –Ω–∏—á–µ–≥–æ –ø—Ä–æ—Ç–∏–≤ —Å–µ–∫—Å–∞ –Ω–µ –∏–º–µ—é'
'–í–∞—Å –∫—Ä–∞—Å–æ—Ç–æ–∫ –∫–∞–∫ –∑–∞–Ω–µ—Å–ª–æ –≤ –ü–∏—Ç–µ—Ä?'
'–ß—Ç–æ —É—á–∏—Ç–µ?'
'–õ–µ–Ω–∞ ‚ù§Ô∏è'
'–ù–∞–ø–∏—Å–∞–ª'
'–°–≤–µ—Ç–∞'
'–ê–Ω–Ω–∞ ‚ù§Ô∏è'
'–ë–ª–∏–Ω'
'–ß—Ç–æ –∑–∞ –≥–æ—Ä–∞?'
'–ò–Ω—Ç—Ä–∏–≥–∞'
'–ü–∏—Ç–µ—Ä üòã'
'–•–∞—Ö–∞ —è —Ç–æ–∂–µ –≤ –ê–∑–∏–∏ –Ω–∞ –∫–∞—Ä–∞–Ω—Ç–∏–Ω–µ —Å–∏–¥–µ–ª'
'–ê–≥–∞'
'–ë–∞–ª–∏'
'–î–∞–≤–∞–π&rpar;'
'–ï–∫–∞—Ç–µ—Ä–∏–Ω–±—É—Ä–≥'
'–ß—Ç–æ –∂–µ –æ—Ç–≤–µ—Ç–∏–ª –≥—É–≥–ª'
'–ë–µ–¥–Ω—è–≥–∞'
'–ï–∫–∞—Ç–µ—Ä–∏–Ω–±—É—Ä–≥'
'–¢–æ–∂–µ'
'–•–∞—Ö–∞ –¥–∞ –ª–∞–¥–Ω–æ, –≤ –∂–∏–∑–Ω–∏ –Ω–µ –ø–æ–≤–µ—Ä—é'
'–û—Å–∏–ª–∏–ª–∞ –∫–Ω–∏–∂–∫—É –ø—Ä–æ –§—Ä–∏–¥—É –ö–∞–ª–æ?'
'–ü—Ä–∏–≤–µ—Ç, –≤–∞–π –Ω–æ—Ç?'
'–•–∞—Ö–∞ —á—Ç–æ –∑–∞ –º–∏—Ç–∏–Ω–≥?'
'–ü—Ä–∏–≤–µ—Çüòâ'
'–û–ø–µ—á–∞—Ç–æ—á–∫–∞ –ø–æ –§—Ä–µ–π–¥—É? üòÇ'
'–ò –ø—Ä–∞–≤–¥–∞'
'–£—Ä–∞ üëç'
'–õ–µ—Ç 16 –Ω–∞–∑–∞–¥ üòÖ'
'–ö–æ—Ñ–µ&sol;—á–∞–π&sol;–≤–∏–Ω–æ?'
'–û–¥–Ω–∞ –∏–∑'
'–ù–æ –Ω–∞ –∞–Ω–≥–ª –µ—â—ë –ª—É—á—à–µ'
'- –õ–°–î, —è—É–∞—Å–∫–∞ –∏ —Ç–¥'
'–•–∞-—Ö–∞'
'–Ø –∫—Å—Ç–∞—Ç–∏ —Ç–æ–∂–µ –Ω–∞—á–∏–Ω–∞–ª'
'–ü–æ—á–∏—Ç–∞–π homo deus'
'–•–∞—Ä–∞—Ä–∏'
'–ï—Å–ª–∏ —Å –∞–Ω–≥–ª–∏–π—Å–∫–∏–º –¥—Ä—É–∂–∏—à—å —Ç–æ –≤–≤–µ–¥–∏ –≤ free will by sam harris'
'–•–∞—Ö–∞'
'–•–∞-—Ö–∞'
'–ü—Ä–∏–≤–µ—Ç'
'–í–∏–¥–∏–º–æ –≥–ª—é–∫–∏ —Ç–∏–Ω–¥–µ—Ä–∞'
'–ë–∏–ø–æ–ª—è—Ä–æ—á–∫–∞?'
'–¢–æ —Ä–µ–ø—á–∏–∫ &colon;&rpar;'
'–ê–≥–∞'
'–°–æ—Ä—Ä–∏ —è –æ—Ç–æ—à—ë–ª &colon;&rpar;'
'–ß—Ç–æ –Ω–∞ —Å—á—ë—Ç —Ç–µ–±—è?'
'–ù–µ—Ç'
'–î–∂–∞–≤–∞'
'–ü—Ä–∏ –ø–æ–º–æ—â–∏ –≥–∏–ø–Ω–æ–∑–∞ üòÖ'
'–ó–∞–≤—Ç—Ä–∞, —á–∞—Å–∞ 4?'
'–ò –ø—Ä–∏—è—Ç–Ω–æ'
'–î–∞ —è —Ç–æ–∂–µ –Ω–µ –∏–≥—Ä–∞–ª –Ω–∞ —Å–∞–º–æ–º –¥–µ–ª–µ'
'–ò –≤—Å–µ —É–±–µ–≥–∞–ª–∏ –æ—Ç –Ω–∏—Ö'
'–î–∞ —è –¥–µ–ª–∞–ª –≤–∏–¥ —á—Ç–æ –º–Ω–µ –Ω–µ–ø—Ä–∏—è—Ç–Ω–æ'
'–ù—É –∏–ª–∏ –Ω–∞ –∫—Ä–∞–π–Ω—è–∫ –∑–∞–≥—É–≥–ª–∏—Ç—å'
'–ê–≥–∞'
'–•–∞-—Ö–∞ –º–æ–∂–µ—Ç&colon;&rpar;'
'–î–∂–∞—Å—Ç —Ñ–æ —Ñ–∞–Ω'
'–ï–∫–∞—Ç–µ—Ä–∏–Ω–∞'
'–ò –≤ –ø—Ä–∏–æ—Ä–∏—Ç–µ—Ç–µ fwb'
'–û–¥–Ω–∏ –∞–π—Ç–∏—à–Ω–∏–∫–∏ —á—Ç–æ-–ª–∏?'
'–•–∞-—Ö–∞'
'–î–æ–±–∞–≤–∏–ª —Ç–µ–±—è –≤ —Ç–µ–ª–µ–≥—Ä–∞–º'
'–ò–∑–≤–µ—Ä–≥–∏'
'–ê'
'–ß–µ–º –Ω–µ –∏–¥–∏–ª–∏—è'
'–ú–µ–¥–∏–∫–∞–ª —Ä–µ–ø—Ä–µ–∑–µ–Ω—Ç–∞—Ç–∏–≤ –Ω–µ –æ—á–µ–Ω—å'
'–ü–∞—Ç—Ä–∏–æ—Ç–∫–∞ —Ç–∞–∫–∞—è &colon;&rpar;'
'–£–∂–µ –Ω–µ –ø–ª–æ—Ö–æ &colon;&rpar;'
'–ü—Ä–∏–≤–µ—Ç –õ—é–±–∞ &colon;&rpar;'
'–ù—É —É —Ç–µ–±—è —Ç–æ –Ω–∞–ø–∏—Å–∞–Ω–æ –õ–∞—Ä–∞'
'–§–∞–Ω–∞—Ç–∫–∞ –§—Ä–∏—Ü–∞ –ü–µ—Ä–ª–∑–∞?'
'–§–∞–Ω–∞—Ç–∫–∞, –æ–Ω –§—Ä–µ–¥–µ—Ä–∏–∫, –∞ –≤–æ—Ç —è –Ω–µ —Ñ–∞–Ω–∞—ÇüòÅ'
'–ò–ª–∏...'
'–í–æ—Ç –∏ —è –Ω–µ—Ç'
'–ü—Ä–∏–≤–µ—Ç'
'–ü—Ä–∏–≤–µ—Ç'
'&lpar;–Ω–µ —Å–≤–∏–¥–∞–Ω–∏–µ&rpar;'
'–£ —Ç–µ–±—è –∫–∞–∫–∏–µ —Ü–µ–ª–∏?'
'–•–µ–ª–æ—É üòâ'
'–ü—Ä–∏–≤–µ—Ç'
'–°–ø–µ—Ä–≤–∞ —Ö–æ—Ç–µ–ª –¥–æ –±–µ–π—Å–∫–µ–º–ø—É –ø–æ–π—Ç–∏'
'–°–µ–∫—Å –Ω–∞—Ä–∫–æ—Ç–∏–∫–∏ —Ä–æ–∫-–Ω-—Ä–æ–ª–ª?'
'–¢–æ–≥–¥–∞ –ø–∏—à–∏ –Ω–æ–º–µ—Ä üòâ'
'–•–º'
'–ö–∞–∫ –∑–∞–Ω–µ—Å–ª–æ —Ç–µ–±—è —Å—é–¥–∞?'
'–ü—Ä–∏–≤–µ—Ç'
'–•–∞—Ö–∞'
'–ï—Å–ª–∏ –±—É–¥–µ—Ç–µ —É –Ω–∞—Å, –∑–∞–µ–∑–∂–∞–π—Ç–µ –≤ –≥–æ—Å—Ç–∏ üòâ'
'–ò –µ—â—ë'
'–ê —Ö–æ—Ç—è –≤—Ä—É, –∫–∞—Ç–∞–ª—Å—è –Ω–∞ –º–æ–ø–µ–¥–µ –Ω–∞ –∑–∞–¥–Ω–µ–º'
'–ê–≥–∞'
'–ù—É —è –Ω–µ —á–∞—Å—Ç–æ &colon;&rpar;'
'–£–º–µ—Ä–µ–Ω–Ω–æ &colon;&rpar;'
'–ü—Ä–∏–≤–µ—Ç –ë–∞–ª–∏ –±–µ–π–±'
'–ß—Ç–æ –∑–∞ &quot;–±–µ–∑ —Ä–∞–º–æ–∫&quot;?'
'–Ø –∏–∑ –ï–∫–∞—Ç–µ—Ä–∏–Ω–±—É—Ä–≥–∞'
'–ù–∏–∫–∫–æ —ç—Ç–æ –ø–æ–ª —á–∞—Å–∞ –Ω–∞ –ø–æ–µ–∑–¥–µ –æ—Ç –¢–æ–∫–∏–æ'
'–ë–ª–∏–∑–∫–æ, –Ω–æ –Ω–∞ –≤—Å–µ —Å—Ç–æ –ø—Ä–æ—Ü–µ–Ω—Ç–æ–≤ —Å—Ç–æ–∏—Ç —Ç–æ–≥–æ'
'–ù–µ, –≤ –∂–∏–∑–Ω–∏ –Ω–µ —É–≥–∞–¥–∞–µ—à—å'
'–ù–æ –±–ª–∏–∑–∫–æ'
'–•–∞—Ö–∞'
'–ö–∞—Ç–µ—Ä–∏–Ω–∞'
'–ï–∫–∞—Ç–µ—Ä–∏–Ω–∞'
'–ï–∫–∞—Ç–µ—Ä–∏–Ω–∞'
'–ò–Ω—Ç—É–∏—Ü–∏—è'
'–ò–Ω—Ç—É–∏—Ü–∏—è'
'–ê, –Ω—É –±–ª–∏–∑–∫–æ –∫ –ø—Ä–∞–≤–¥–µ'
'–Ø –¥–∞–∂–µ –Ω–µ –∑–∞–º–µ—Ç–∏–ª'
'–ê–≥–∞'
'–ò —Å–∏–ª'
'–ê–≥–∞'
'–°–∞–º –Ω–µ –∏–∑ –ü–∏—Ç–µ—Ä–∞, –∏–∑ –ï–∫–∞—Ç–µ—Ä–∏–Ω–±—É—Ä–≥–∞'
'–ù–µ—Ç'
'–í—Ç–æ—Ä–Ω–∏–∫?'
'–ü—Ä–∏–≤–µ—Ç, –º–æ–∂–Ω–æ &colon;&rpar;'
'–ü–æ–∫–∞ –Ω–∞ –°–∞—Ä—Ç—Ä–µ üôÇ'
'–ò–º–µ–Ω–Ω–æ&rpar;'
'–ù–µ —á–∏—Ç–∞–ªüòã'
'–ò–∑ –ê–∑–∏–∏'
'–†–∏—Å, —Å—É—à–∏ &colon;&rpar;'
'–Ø–Ω–∏–Ω–∞ ;&rpar;'
'–ü–∏—à–∏ –Ω–æ–º–µ—Ä –∑–Ω–∞—á–∏—Ç &colon;&rpar;'
'–î–æ–ª–≥–∞—è –∏—Å—Ç–æ—Ä–∏—è'
'–ü–æ–ª—Ç–æ—Ä–∞ –≥–æ–¥–∞ –µ–∑–¥–∏–ª'
'–ß–µ—Ä–µ–∑ –∏–Ω—Ç–µ—Ä—Å—Ç–∞–¥–∏ &rpar;'
'–û–∫–∏ –¥–æ–∫–∏üôÇ'
'–î–∂–∞–Ω–≥–ª –∫–ª–∞–±'
'–î–∂–∞–Ω–≥–ª –∫–ª–∞–±'
'–ü—Ä–∏–≤–µ—Ç ;&rpar;'
'–°–Ω–æ—É–±–æ—Ä–¥, –≤–µ–π–∫, —Å–µ—Ä—Ñ–∏–Ω–≥'
'–Ø –Ω–µ –ª–∏–Ω–≥–≤–∏—Å—Ç –ø—Ä–∞–≤–¥–∞, –Ω–æ –¥—É–º–∞—é –±–ª–∏–∑–∫–æ –∫ –ø—Ä–∞–≤–¥–µ üôÇ'
'–ò —Ç–¥'
'–ê–≥–∞'
'–ü—Ä–∏–≤–µ—Ç –°–≤–µ—Ç–∞'
'–í–∑–∞–∏–º–Ω–æ üòä'
'–•–∞-—Ö–∞'
'–°–≤–µ—Ç–∞'
'–ü—Ä–∏–≤–µ—Ç'
'–•–µ–ª–æ—É üôÉ'
'–ù–µ –∑–∞–º–µ—Ç–∏–ª –∫–∞–∫–æ–π —Ç–æ –Ω–µ–Ω–∞–≤–∏—Å—Ç–∏ –∏–ª–∏ —Ñ–æ–±–∏–∏'
'–ü—Ä–∏–ª–µ—Ç–µ–ª 2 –¥–Ω—è –Ω–∞–∑–∞–¥'
'–ü–æ–∫–∞ —è —Å–∞–º –Ω–µ –ø–æ–Ω—è–ª'
'–ò–∑ –ï–∫–∞—Ç–µ—Ä–∏–Ω–±—É—Ä–≥–∞'
'–ê–≥–∞'
'–û—Ç–ª–∏—á–Ω–æ'
'–ö—Ä–∏—Å'
'–£—Å—Ç–∞–ª —á—Ç–æ —Ç–æ üòÅ'
'–ü—Ä–∏–≤–µ—Çüòâ'
'–ê —Ç–æ —Å–∞—É–Ω–¥—Ç—Ä–µ–∫ –∑–∞—Ü–µ–ø–∏–ª'
'–í–ø–æ–ª–Ω–µ —Å–µ–±–µ –æ—Ç–≤–µ—Ç üòÅ'
'–Ø —á–∏—Ç–∞–ª –Ω–æ –Ω–µ –æ—Å–∏–ª–∏–ª &colon;&lpar;'
'–ú–∞—Ä–∏—è –∫–∞–∫ –≤–∞—à–∏ –¥–µ–ª–∞?üòã'
'–ü—Ä–∏–≤–µ—Ç'
'–ü—Ä–∏–≤–µ—Ç –í–∏–∫'
'–û—Ç–ª–∏—á–Ω–æ'
'–•–º'
'–î–∂–∏–Ω —Ç–æ–Ω–∏–∫'
'–°–∏–Ω–≥–∞–ø—É—Ä —Å–ª–∏–Ω–≥'
'–ù–æ –Ω–µ 1–∫–º &rpar;'
'–ò–∑ –ï–∫–∞—Ç–µ—Ä–∏–Ω–±—É—Ä–≥–∞'
'–° –ë–∞–ª–∏ –Ω–∞—á–∞–ª'
'–¢–æ —Ç–µ–ø–ª–æ –Ω–∞ –¥—É—à–µ'
'–°—Ç–∞—Ä—à–∏–µ'
'–¢—ã –Ω–µ –ø—Å–∏—Ö–æ–∞–Ω–∞–ª–∏—Ç–∏–∫ —Å–ª—É—á–∞–π–Ω–æ?'
'–Ø –≤–æ—Ç —Ö–æ—Ç–µ–ª –Ω–∞–æ–±–æ—Ä–æ—Ç —É–π—Ç–∏ –∏–∑ –∞–Ω–∞–ª–∏—Ç–∏–∫–∏ –≤ –ø—Å–∏—Ö–æ'
'–î–∞ –¥–∞–≤–∞–π –æ–±—ä—è—Å–Ω—è–π'
'–ê'
'–ê –∫—Ç–æ –Ω–µ—Ç? üôÇ'
'–ê –∫—Ç–æ –Ω–µ—Ç? üôÇ'
'–•–æ—Ç—è –ª–∞–¥–Ω–æ'
'–ê–ª–∏—Å–∞'
'–ê–ª–µ–Ω–∞'
'–ê–ª–∏—Å–∞'
'–ê–ª–µ–∫—Å–∞–Ω–¥—Ä–∞?'
'–ê–ª–µ–∫—Å–∞–Ω–¥—Ä–∞?'
'–ê–≥–∞'
'–î–∞ –Ω–µ —Å—Ä–∞–∑—É'
'–°–ø–µ—Ä–≤–∞ –∫–æ—Ñ–µ'
'–ò —Ç–¥'
'–†–µ–∂–∏–º –ø—Å–∏—Ö–æ–∞–Ω–∞–ª–∏—Ç–∏–∫–∞ –≤–∫–ª—é—á–µ–Ω?'
'–ù–µ –ø—è—Ç–Ω–∏—Ü–∞ &colon;&lpar;'
'–•–º'
'–û–∫–µ–π'
'–•–æ—Ç—è'
'–ò —Ç–¥'
'–ü–∏—à–∏ –ò–Ω—Å—Ç–∞–≥—Ä–∞–º&rpar;'
'–î–æ–ª–≥–∞—è –∏—Å—Ç–æ—Ä–∏—è &rpar;'
'–î–∞–≤–∞–π&rpar;'
'–¢–æ–≥–¥–∞ –≤–æ–æ–±—â–µ –∫–∞—Ç–∞—Å—Ç—Ä–æ—Ñ–∞ –±—É–¥–µ—Ç'
'–•–º'
'–•–º'
'–í –∞–Ω–∫–µ—Ç–µ'
'–ò–ª–∏ 18 ü§î'
'–ü—Ä–∏–≤–µ—Ç'
'–ö–∞–∫ —Ç–µ–±—è –≤ –ü–∏—Ç–µ—Ä –∑–∞–Ω–µ—Å–ª–æ?'
'–Ø –∑–∞–ª–∏–ø –Ω–∞ –¥–Ω—è—Ö –∑–∞ —Å–µ—Ä–∏–∞–ª –∫–æ–±—Ä–∞ –∫–∞–π'
'–ù–æ –∑–∞–≤—Ç—Ä–∞ –æ—Ç–ø—É—Å—Ç—è—Ç –Ω–∞ —Å–≤–æ–±–æ–¥—É'
'–ü—Ä–∏–≤–µ—Çüòâ'
'–û–∫–µ–π'
'–ü—Ä–∏–≤–µ—Ç'
'–°–∏–¥–µ–ª –≤ –æ–±—Å–µ—Ä–≤–∞—Ç–æ—Ä–µ'
'–ü—Ä–∏–≤–µ—Ç'
'–ü—Ä–∏–≤–µ—Ç'
'–ü—Ä–∏–≤–µ—Ç'
'–í –æ–±—Å–µ—Ä–≤–∞—Ç–æ—Ä–µ —Å–∏–∂—É 20 –∫–º –æ—Ç –í–ª–∞–¥–∏–∫–∞'
'–ê–≥–∞'
'–î–∞ –Ω–µ, —Ç–µ—Ä–ø–∏–º–æ'
'–ö–æ—Ç –ø—Ä–æ—Ç–∏–≤ –Ω–µ –±—É–¥–µ—Ç?'
'–ê–≥–∞'
'–°–∫–∞–∑–∞–ª–∏ —á—Ç–æ –≤—Å–µ –æ—Ç–ª–∏—á–Ω–æ üòÅ'
'–°–∫–∞–∑–∞–ª–∏ —á—Ç–æ –≤—Å–µ –æ—Ç–ª–∏—á–Ω–æ üòÅ'
'–í—Å–µ —Å –±–æ–∏—Ñ—Ä–µ–Ω–¥–∞–º–∏'
'–ß—ë –µ—Ç–æ?'
'–ë–µ–∑–±–æ–∂–Ω–∏–∫–∏'
'–õ–∞–¥–Ω–æ, –Ω–∞ —Å–∞–º–æ–º –¥–µ–ª–µ –Ω–µ –≤–µ—Ä—é'
'–í–∞–ª–µ–Ω—Ç–∏–Ω–∞'
'–°–ª–µ–¥–∏–º'
'–ë–µ–¥–Ω—è–≥–∞, –≥—Ä—É—Å—Ç–∏—Ç'
'–ù–µ—Ç'
'–£ –Ω–∞—Å —Ç—É—Ç 3 –∫–æ–π–∫–∏'
'–£–∂–∞—Å!'
'–ù–∞–ø—Ä–∏–º–µ—Ä —Ç–µ–ª–µ–≥—Ä–∞–º–µ'
'–ê–¥—Ä–µ—Å, –∫–≤–∞—Ä—Ç–∏—Ä–∞'
'–í–∞–ª–µ–Ω—Ç–∏–Ω–∞'
'–û–±–∞.'
'–ù–µ—Ç'
'–°—Ç–∞–Ω–¥–∞—Ä—Ç –≤—Ä–æ–¥–µ'
'–†–∞–∑ 10 —á–∏—Ç–∞–ª'
'–î–∞ —è –∑–∞ —Å–µ—Ä–∏–∞–ª –∑–∞–ª–∏–ø'
'–í–∞–ª–µ–Ω—Ç–∏–Ω–∞'
'–ò–∑ –ï–∫–∞—Ç–µ—Ä–∏–Ω–±—É—Ä–≥–∞&rpar;'
'–ó–Ω–∞—á–∏—Ç —á—Ç–æ —Ç–æ –Ω–∞–≤–µ—Ä—Ö—É üòÅ'
'–ê'
'–í–∞–ª–µ–Ω—Ç–∏–Ω–∞'
'–í –¥—É—à–µüòÅ'
'–£ —Ç–µ–±—è –∂–µ –Ω–∞–ø–∏—Å–∞–Ω–æ'
'–ü—Ä–∏–≤–µ—Ç –ê–ª–µ–∫—Å–∞'
'–ú–æ–Ω—Ç–∞–Ω–∞ –°—Ç–µ–∏—Ç –Æ–Ω–∏–≤–µ—Ä—Å–∏—Ç–∏?'
'–ù–µ—Ç'
'–ó–∞ —Å–µ—Ä–∏–∞–ª –∑–∞–ª–∏–ø'
'–ù–µ—Ç'
'10 –∫–º –æ—Ç –í–ª–∞–¥–∏–∫–∞'
'–ü—Ä–∏–≤–µ—Ç'
'–ò–ª–∏ –ø—Ä–∏—á–∏–Ω–∞ –±–æ–ª–µ–µ –ø—Ä–æ–∑–∞–∏—á–Ω–∞—è'
'–ß—Ç–æ –∑–∞ –ø—Ä–∏—á–∏–Ω–∞ —Ç–æ–≥–¥–∞?'
'–ü—Ä–∏–≤–µ—Ç'
'–ê–≥–∞'
'–ù–æ –∑–∞—Ç–æ –≤–µ—Å–µ–ª–æ'
'–ù–µ—Ç'
'–ò–∑ –ï–∫–∞—Ç–µ—Ä–∏–Ω–±—É—Ä–≥–∞'
'–ü—Ä–∏–≤–µ—Ç –ö–∞—Ç—é—à–∞'
'–û–±–∑–µ—Ä–≤–∞—Ü–∏—èü§Æ'
'–ê–≥–∞'
'–í—Å–µ —Ñ–µ–π–∫ üòâ'
'–•–∞-—Ö–∞ –Ω–∞–≤–µ—Ä–Ω–æ–µ –Ω–µ—Ç'
'–•–æ—Ç—è –ª–∞–¥–Ω–æ –Ω–µ –≤–∞–∂–Ω–æ'
'–ë–∞–π –±–∞–π'
'–ê–≥–∞'
'–ö–∞–∫ —Ç–æ –ø—Ä–æ—â–µ, —Ä–∏—Ñ–º–∞ —Å–∞–º–∞ –≤–µ–¥—ë—Ç'
'–•–∞-—Ö–∞ –¥–∞ –≤–µ—Ä–Ω–æ'
'–ê–≥–∞'
'&apos;–°–±–µ–∂–∞–ª'
'–ê —è –≤–æ—Ç –Ω–µ –¥–æ–µ—Ö–∞–ª –¥–æ —Ç—É–¥–∞&rpar;'
'–ë–∞–π –±–∞–π'
'–ü—Ä–∏–≤–µ—Ç –ú–∞—Ä–∏–Ω–∞!'
'–Ø –Ω–∞ –ë–∞–ª–∏ —Å–µ—Ä—Ñ–∏–ª –Ω–µ–º–Ω–æ–≥–æ'
'–Ø –Ω–∞ –æ–±—Å–µ—Ä–≤–∞—Ü–∏—è —Ç—É—Ç'
'–î–∞ –ª–∞–∞–∞–¥–Ω–æ, –≤ –∂–∏–∑–Ω–∏ –Ω–µ –ø–æ–≤–µ—Ä—é'
'–í–∞–π –Ω–æ—Ç?'
'–í–∞–π –Ω–æ—Ç? üòÅ'
'–ê'
'–ò–∑–∏'
'–ë–µ–∑ –æ–±–∏–¥üôÇ'
'–ë–µ–∑ –ª–æ–∂–∫–∏'
'–ü—Ä–∏–≤–µ—Ç –í–∏–∫–∞'
'–ò —Ç–¥'
'–ü—Ä–∏–≤–µ—Ç –ú–∞—Ä–∏–Ω–∞'
'–Ø –≤—á–µ—Ä–∞ –ø—Ä–∏–ª–µ—Ç–µ–ª –æ—Ç—Ç—É–¥–∞, —Å–µ–π—á–∞—Å –Ω–∞ –∫–∞—Ä–∞–Ω—Ç–∏–Ω–µ —Å–∏–∂—É'
'–ò–∑ –µ–∫–±'
'–ü—Ä–∏–≤–µ—Ç –ü–æ–ª–∏–Ω–∞'
'–ß—Ç–æ —É —Ç–µ–±—è –Ω–∞ —Ç–∞—Ç—É—à–∫–µ –Ω–∞–ø–∏—Å–∞–Ω–æ?'
'–•–æ—Ç—è –Ω–µ—Ç'
'–ß—Ç–æ –∑–Ω–∞—á–∏—Ç –û—Ç–µ–ª–µ?'
'–ê—Ä–µ–Ω–¥–æ–≤–∞—Ç—Ç'
'–ü—Ä–∏–≤–µ—Ç –Æ–ª—è'
'–Ø–∫ –∂ —Ç–µ–±–µ –Ω–µ –ª–∞–π–∫–Ω—É—Ç–∏, –•—Ä–∏—Å—Ç—é&colon;&rpar;&rpar;&rpar;'
'–Ø–∫ –∂ —Ç–µ–±–µ –Ω–µ –ª–∞–π–∫–Ω—É—Ç–∏&colon;&rpar;'
'–ß—Ç–æ –∏—â–µ—à—å –≤ —Ç–∏–Ω–¥–µ—Ä –∫—Ä–∞—Å–∞–≤–∏—Ü–∞?'
'–ü—Ä–∏–≤–µ—Ç –∫—Ä–∞—Å–∞–≤–∏—Ü–∞'
'–ü—Ä–∏–≤–µ—Ç –∫—Ä–∞—Å–∞–≤–∏—Ü–∞‚ò∫'
'–ü—Ä–∏–≤–µ—Ç –∫—Ä–∞—Å–∞–≤–∏—Ü–∞'
'–¢–æ–∂–µ&rpar;'
'–ö–∞–∫ —Ç–≤–æ—è –ø—è—Ç–Ω–∏—Ü–∞?'
'–û—Ç–ª–∏—á–Ω–æ, –¥–∞–≤–∞–π —Ç–∞–∫'
'–•–µ—Ö–µ'
'–î–∞–≤–∞–π –∏ —Ç–æ, –∏ —Ç–æ&rpar;&rpar;'
'–ü—Ä–∏–≤–µ—Ç'
'–Ø –±–µ–∑ –æ—á–∫–æ–≤ —É–∂–µ &colon;&lpar;'
'–î–∞–≤–∞–π&rpar;'
'–ü—Ä–∏–≤–µ—Ç –°–∞—à–∞&rpar; —á—Ç–æ —É —Ç–µ–±—è —Å–µ–π—á–∞—Å –Ω–∞ —É–º–µ?'
'–ß—Ç–æ, –ø—Ä–∞–≤–¥–∞ —Ç—è–∂–µ–ª–∞? &rpar;'
'–ü–∏–∞–Ω–∏–Ω–æ –∏–ª–∏ —Å–∏–Ω—Ç–µ–∑–∞—Ç–æ—Ä?'
'–ö–∞–∫ —Ç–µ–±–µ –≤–∞—Ä–∏–∞–Ω—Ç?'
'–ü—Ä–∏–≤–µ—Ç'
'–£ –Ω–∞—Å —Ç–µ–ø–ª–æ –µ—â—ë&rpar;'
'–ü—Ä–∏–≤–µ—Ç, –∑–∞ —É–∫—É–ª–µ–ª–µ —Å—Ä–∞–∑—É –ª–∞–π–∫&rpar;'
'–ü—Ä–∏–≤–µ—Ç'
'–ü—Ä–∏–≤–µ—Ç'
'–ö–æ–Ω–µ—á–Ω–æ&rpar;'
'–ü—Ä–∏–≤–µ—Ç'
'–ü—Ä–∏–≤–µ—Ç, —Ü–∏—Ç–∞—Ç–∞ –¥—É—à–µ–≤–Ω–∞—è, –ø–ª–∞–∫–∞–ª–∞ –ø–æ–ª–æ–≤–∏–Ω–∞ –ø–∞–¥–∏–∫–∞'
'–¢–æ—á–Ω–æ'
'–ü—Ä–∏–≤–µ—Ç'
