'Ησηααξαννσκ, ακαλαλ!'
'Ήρθε!'
'URAQT π'
'And does σπανακόπιτα count?'
'Μιλάς ελληνικά?'
'Ναι'
'Καλήμερα και χρόνια πολλά, Χριστός Ανέστη. How are the festivities going?'
'Γειά σου Ειρήνη, πως βρέθηκες εκεί; γεννήθηκες στο Ουζμπεκιστάν;'
'Τα ελληνικά πάντως μια χαρά τα μιλάς. Θα τα έμαθες από τους γονείς σου, φαντάζομαι. Είναι και οι δύο Έλληνες; Υπάρχει ελληνική κοινότητα εκεί;'
'Καλησπέρα Ευαγγελία, σ&apos;ευχαριστώ για το match.'
'Γεννήθηκες στη Γερμανία ή ήρθες πρόσφατα;'
'Έχεις γεννηθεί και μεγαλώσει στη Γερμανία;'
'Από το Βόλο. Πηγαίνω κάθε Αυγούστο και συνήθως Χριστούγεννα. Εσύ;'
'Φέτος πέρασα τα Χριστούγεννα εδώ λόγω των ιδιαίτερων συνθηκών. Ελπίζω αυτό τον Αύγουστο να μπορέσω να πάω χωρίς προβλήματα.'
'Από ποιό μέρος είσαι;'
'Όχι,  στην Ελλάδα εννοώ.'
'Κρήτη, τι ωραία. Πάντα ήθελα να πάω αλλά ποτέ δεν έκατσε.'
'Υπέροχες παραλίες.'
'Τουλάχιστον έχω πρόσβαση στο ανατολικό Πήλιο, δεν είναι καθόλου άσχημα. Φαντάζομαι έχεις συγγενείς στο Λασίθι;'
'Να πας σε πρώτη ευκαιρία, θα σ&apos;αρέσει. Και το φθινόπωρο είναι ωραία, τέλη Οκτωβρίου με Νοέμβριο.'
'Θα πάω για ύπνο σιγά-σιγά. Χάρηκα για τη γνωριμία, τα ξαναλέμε αύριο. Καλό βράδυ.'
'Καλημέρα Κατερίνα. Κι εγώ νωρίς κοιμάμαι, μόνο τα Σαββατοκύριακα και στις διακοπές λίγο πιο αργά. Τι κάνεις τα Σαββατοκύριακα;'
'Τώρα τελείωσα με τις δουλειές κι έκατσα να πιώ έναν ελληνικό. Το Σάββατο για &apos;μένα  είναι η μέρα του νοικοκυριού, σούπερ μάρκετ, συμμάζεμα, μαγείρεμα, μπουγάδα κλπ. Την Κυριακή καιρού επιτρέποντος βγαίνω για καμιά βόλτα, αλλιώς διαβάζω και βλέπω ντοκυμανταίρ.'
'Τι θέματα φωτογραφίζεις; Φιλμ ή ψηφιακή; έχω εξοπλισμό και από τα δύο, αλλά στη Γερμανία δεν βρίσκω κάτι ενδιαφέρον να φωτογραφίσω. Στην Ελλάδα όταν πάω, φωτογραφίζω συνέχεια.'
'Με συγκινεί ιδιαίτερα το αστικό τοπίο, και κυρίως τη νύχτα. Επειδή πριν την πανδημία ταξίδευα πολύ, έχω μια μεγάλη συλλογή street photography. Οι γερμανικές πόλεις δεν με εμπνέουν καθόλου, πιο πολύ για μεγάλα χωριά μου κάνουν. Εξαιρέσεις η Φρανκφούρτη και το Αμβούργο. Στο Βερολίνο δεν έχω πάει ακόμα.'
'Τι ηλικίες έχουν τα παιδιά σου;'
'Γειά σου Κατερίνα, τι κάνεις; Από χιόνια πως πάτε εκεί;'
'Καλησπέρα'
'Οι πρώτες 3 γραμμές στο προφίλ σου συμφωνούν και με τη δική μου εμπειρία'
'Καλημέρα, επίσης καλή εβδομάδα'
'Η εφαρμογή λέει ότι είμαστε 1636χλμ μακριά. Που βρίσκεσαι; στη Θεσσαλονίκη;'
'Εγώ μένω στη Γερμανία, κοντά στο Ανόβερο. Έρχομαι στην Ελλάδα για τις γιορτές και το καλοκαίρι, ελπίζω να  καταφέρω να έρθω αυτά τα Χριστούγεννα. Αν κλείσουν πάλι τα σύνορα θα είναι ατυχία...'
'Όχι και άσχημα, αλλά ούτε και καλά. Η Γερμανία είναι δύσκολο να τη συνηθίσεις. Η κατάσταση είναι σπίτι-δουλειά. Ζωή δεν υπάρχει.'
'Καλησπέρα, ελπίζω να ξεκουράστηκες σήμερα. Έχω 10 χρόνια εδώ και σίγουρα έχω συνηθίσει σε κάποια πράγματα, κυρίως στα θετικά που έχει αυτός ο τόπος. Σε γενικές γραμμές όμως δεν αισθάνομαι σαν να είμαι στο σπίτι μου και δε νομίζω ότι θα αλλάξει ποτέ αυτό. Το μόνο που με κρατάει εδώ είναι η δουλειά και αν μπορούσα να βρω κάτι στην Ελλάδα, θα επέστρεφα.'
'Άσε, εμένα δεν μου φτάνει πλέον το Σαββατοκύριακο. Το Σάββατο είναι για ψώνια, καθαριότητα και μαγείρεμα, μέχρι να πω ότι κάθησα λίγο έχει φύγει και η Κυριακή και έρχεται η Δευτέρα...'
'Δεν ξέρω πως την παλεύουν όσοι έχουν παιδιά. Εσύ έχεις;'
'Να σου ζήσει. Η αδελφή μου έχει 2, ένα αγόρι και ένα κορίτσι, όποτε έχω μια αδρή εντύπωση. Πολύς κόπος, οι γονείς ζούνε για τα παιδιά τους.'
'Διαζευγμένη?'
'Αν μια κατάσταση δεν πρόκειται να τελειώσει καλά είναι προτιμότερο να μην αρχίσει, όποτε ναι, ευτυχώς που δεν παντρεύτηκες και γλύτωσες το μπλέξιμο.'
'Εγώ θα μπορούσα να είχα παντρευτεί την προ μετανάστευσης εποχή αλλά η χρεοκοπία ανέτρεψε πολλά σχέδια. Δεν είχα ποτέ ιδιαίτερη όρεξη να γίνω πατέρας αλλά το να υπάρχει μια συντροφιά στη ζωή είναι κάτι καλό.'
'Τι κάνεις Δανάη;'
'Ήταν καλό το dinner?'
'Άρα ήταν έτσι και έτσι. Πόσο είσαι βασικά;'
'Χμμμ οκ.'
'Ωραίο το κόκκινο Μαρίνα.'
'Όντος κατάθλιψη;'
'Έχει τίποτα καλό το ψυγείο;'
'Νόμιζα είσαι ξένη να σου πω την αλήθεια.  Από Θεσσαλονίκη είσαι;'
'Βασικά έβλεπα ότι είσαι λίγο μακριά απο Θεσσαλονίκη ε λίγο το όνομα λίγο αυτό λέω she&apos;s a tourist'
'Κάτσε να την ξεναγήσω'
'Γειά σου Ντίνα. Τι λέει;'
'Α έξω χαλαρώνω λίγο. Εσύ 😊;'
'Δυναμική Παρασκευή.  Πας για γερο Σάββατο;'
'Τώρα είμαι Ελλάδα'
'Γενικά Σουηδία.  Εσυ;'
'Γειά σου Κατερίνακι τι κάνεις'
'Καλησπέρα Αντρέα 😁'
'Για πια εταιρία ρούχων δουλεύεις;'
'Ναι όλα καλά'
'Μόλις μετακόμισα σε καινούργιο σπίτι'
'Εσύ σε ποιο περιοχή μένεις;'
'Κοντά στο vondelpark'
'Γεια σου Ξενοφώντα  😊'
'Πόσο καιρό μένεις Ολλανδία;'
'Ωχ'
'Άργησα πολύ να σου απαντήσω'
'Συγγνώμη!'
'Εγώ ήρθα την Παρασκευή χαχα'
'Ξεκίνησα την Δευτέρα την δουλειά'
'Εξού και η αργή απάντηση'
'Δουλεύεις εδώ;'
'Καλά πήγε η πρώτη εβδομάδα!'
'Χαλαρά γενικά'
'Είναι πολύ καλή η εταιρία μου'
'Εσύ που δουλεύεις;'
'Α nice - εγώ δουλεύω στο χώρο της μουσικής'
'Έλα ρε Διονύση!'
'Συνήθως εντοπίζω Έλληνα from a mile away'
'Δεν ξέρω γιατί δεν μου έκανε κλικ με σενα'
'Έλα ρε! Ωραίοι είναι οι Έλληνες'
'Χαχα εντάξει δεν εννοώ από συμπεριφορά - εννοούσα εμφανισιακά'
'Αθηναίος'
'Ααα οκ'
'Εγώ Αθηναίος είμαι!'
'Νότια προάστια'
'Την Παρασκευή'
'Φρέσκος'
'Σπουδές έκανα Αγγλία - αποφοίτησα το 18'
'Από τότε δουλεύω!'
'Γιατί έχασα την δουλειά μου λόγω covid'
'Νταξ δεν πειράζει δεν μου αρέσει'
'Άρεσε*'
'Τώρα αυτό που βρήκα τώρα είναι μακράν καλύτερο'
'Εσύ δικηγόρος;'
'Θα το πω λιγότερο διπλωματικά'
'Η Αγγλία είναι γτπ'
'Ααα Γκουντ λακ λοιπόν!'
'Ευχαριστώ πολύ 🙈'
'Και συ ωραίος είσαι'
'Αυτή τη στιγμή μένω με έναν συνάδελφο στο Oost'
'Αλλά Δευτέρα μετακομίζω σε σπίτι κοντά στο vondelpark'
'Εσύ;'
'Ααα μαλιστα'
'Άρα σπουδάζεις;'
'Α - ως δικηγόρος;'
'Ααα οκκ'
'Λοιπόν λέω να την πέσω για ύπνο'
'Αλλά χάρηκα 😁'
'Καληνύχτααα xoxoxo'
'Καλημέρα!'
'Δεν μου δείχνει ποια φωτογραφία σαρεσει!'
'Καλημέρα! Σορρυ που δεν απάντησα!'
'Σευχαριστώ χαχα'
'Εμένα μαρέσει η δική σου με το άλογο! Κάνεις ιππασία;'
'Ακόμα ;&rpar;'
'Ωραία ρε συ'
'Μπράβο'
'PhD σε τι;'
'Καλημέρα Οδυσσέα &colon;&rpar;'
'Σορρυ που άργησα ;Ρ'
'Εσύ;'
'Hi! Sorry για την καθυστέρηση 🙈'
'Τι μουσική παίζεις;'
'Οhhh σε πιο;'
'Καλημέρα Αλέξανδρε &colon;&rpar;'
'Έχεις ωραίο χαμόγελο!'
'Στο Παρίσι είσαι στη πρώτη φωτογραφία;'
'Χαχα φοβάμαι ότι δεν γνωρίζω τόσο καλά την πόλη'
'Αλλά ας πω στο 9ο ;'
'Στη πρώτη'
'Χαχα θα σου απαντούσα αλλά δεν είχα χρόνο εχθές!'
'Τι θέλεις να μάθεις; 😛'
'😂 δεν μπορείς να σκεφτείς μια ερώτηση με βάση αυτά που έχω βάλει στο προφίλ μου;'
'Δεν ξέρω αν σου έκανα εγώ super like ή εσύ σε μένα'
'Άρα σου έκανα εγώ! Χαχα'
'Ήθελα ήθελα, αλλά μπορεί να το έκανα πριν από καιρό  γι&apos;αυτό δεν ήμουν σίγουρος'
'Χαχα ναι μου το λένε - είμαι μισός Άγγλος'
'Μένω Βούλα!'
'Εσύ;'
'Νο επίτηδες ήταν το super like - είσαι 100% του στυλ μου'
'Ναι είναι μακριά γενικά η περιοχή'
'Δυστυχώς'
'Όχι αποφοίτησα το 18'
'Τώρα προσπαθώ να βρω δουλειά'
'Εσύ'
'Wooow πολύ ενδιαφέρον το πτυχίο σου!'
'Εγώ τελείωσα πολιτικές επιστήμες'
'Ύστερα δούλεψα για 2 χρόνια σε διαφημιστικές εταιρείες'
'Έχασα το Μάρτιο του 20 την δουλειά μου λόγω covid οπότε αποφάσισα να γυρίσω Ελλάδα'
'&lpar;ζούσα Αγγλία&rpar;'
'Και τώρα προσπαθώ να δουλέψω στο χώρο της μουσικής'
'Τι πρακτική θα κάνεις;'
'Κ γωω'
'Που τραβήχτηκε η δεύτερη φωτογραφία;'
'Με τι ασχολείσαι;'
'Τι λέει το τατουάζ που έχεις στο πλάι;'
'Δεν έχω όμως τη σωματάρα σου! Χαχ'
'Θέλεις να μου πεις τι είναι;'
'Και τα δύο χαχα'
'Ανάλογα τι θέλω να εκφράσω &colon;Ρ'
'Μερικές φορές δεν ξέρω πως να πω κάτι στα ελληνικά οπότε απλώς εκφράζομαι στα αγγλικά'
'Αλλά ναι προτιμω να μου μιλάνε στα ελληνικά'
'Με τι ασχολείσαι;'
'Εγώ με τη μουσική'
'Στο τιντερ;'
'Ή στην Ελλάδα;'
'Εσύ;'
'Και αυτό σεβαστό ;&rpar;'
'Μένεις μόνος;'
'Είμαι τοπ'
'Πολύ λάθος'
'Πάθος*'
'Αλλά έχω την εντύπωση ότι ψάχνεις κάποιον με γυμνασμένο σωματότυπο'
'Δεεν είμαι χοντρός, but yeah'
'Αν και δεν έχω φωτό σώματος εκεί'
'Χαχα'
'Είσαι Grindr?'
'Αχα'
'Γεια σου Παναγιώτη &colon;&rpar;'
'Γιατί 90 μίλια μακριά; 😜'
'Γεια σου Δημήτρη &colon;&rpar; '
'Τι λέει'
'Good good σε λίγο θα πέσω για ύπνο'
'Εμ ναι'
'Χαχα'
'Σπάνιο όνομα!'
'Στην Ελλάδα'
'Haha καλημέρα!'
'Ή βασικά καλησπέρα; Πήγε 12'
'Δουλεύεις&sol;σπουδάζεις;'
'Oh cool! Εγώ ψάχνω για δουλειά - στον χώρο της μουσικής δουλεύω'
'Μισός μισός κ συ; 😜'
'Καλά είμαι, εσύ;'
'Από πιο μέρος της Γερμανίας είσαι;'
'Haha ναι ξέρω για το Dusseldorf'
'Ο πρώην μου ήταν Γερμανός βασικά 😅'
'Σε ποια περιοχή μένεις;'
'Στη Βούλα'
'Οι προτιμήσεις μου είναι ανάλογα τον άνθρωπο. Άμα είναι απλώς φάση είμαι τοπ'
'Εσύ;'
'Με την μουσική ! Ως DJ και manager'
'Αλλά είμαι ακόμα στις αρχές'
'Κ ψάχνω για την Ελένη ευκαιρία μου'
'Εσύ;'
'Επόμενη* ευκαιρία'
'Ναι είναι αρκετά δύσκολο'
'Μάλλον θα πρέπει να συμβιβαστώ με κάποια άλλη δουλειά μέχρι να ανοίξει καλά καλά η αγορά ξανά'
'Μηχανικός τελείωσες;'
'Oh haha ναι κλασσικά'
'Έχω τελείωσα πολιτικές επιστήμες'
'Ναι! Είχα δουλέψει σε διαφημιστική για 2 χρόνια'
'Αλλά έχασα την δουλειά μου λόγω το covid κ είπα να κυνηγήσω τη μουσική'
'Πως είσαι;'
'Good! Αναμένοντας τις 15 του μηνός!'
'Έχεις ωραία μάτια 😁'
'Ανοίγουν όλα!'
'Σπουδάζεις&sol;δουλεύεις;'
'Τι λέει'
'Πώς περνάς τώρα που είμαστε ελεύθεροι'
'Ωραίο χαμόγελο έχεις!'
'Hi! Σόρρυ μαγείρευα εχθές όλη μέρα γι&apos;αυτό δεν απάντησα 😅'
'Καλά είμαι γενικά!'
'Εσύ;'
'Γιατί σε δείχνει 800 μίλια μακριά;'
'Στη Βούλα'
'Εσύ;'
'Χαχαχαχα'
'Μίλαγα με μια φίλη μου τις προάλλες γι&apos;αυτό'
'Με ρώτησε αν ήταν κακή φεμινίστρια επειδή θέλει να πληρώνει ο άλλος στα ραντεβού'
'Ή τουλάχιστον στο πρώτο'
'Ναι'
'Είπαμε πολλά'
'Μια επιχείρησή της ήταν ότι επειδή οι άντρες γενικά παίρνουν παραπάνω χρήματα, οφείλουν να πληρώσουν'
'Έγω είπα ότι λέει μαλακίες'
'Αυτό χαχαχα'
'Φτιάχτηκε - τώρα είσαι 7 μίλια μακριά 😜'
'Σπουδάζεις&sol;δουλεύεις;'
'εγώ τελείωσα πολιτικές επιστήμες το 18, στην Αγγλία'
'Και τώρα δουλεύω στο χώρο τις μουσικής'
'Ή προσπαθώ τουλάχιστον 😅'
'Καλησπέρα Κ...ωνσταντίνε; 😛'
'Γεια σου Χάρη &colon;&rpar;'
'Τι κάνεις;'
'Καλησπέρα &colon;&rpar;'
'Πως είσαι'
'Τι βιβλίο διαβάζεις στην τελευταίο φωτό;'
'Δεν το έχω διαβάσει αλλά μόλις κοίταξα την σύνοψη'
'Πώς σου φάνηκε;'
'Δυστυχώς δεν έχω διαβάσει ποτέ τα βιβλία του Κόου'
'Αλλά τώρα θα τα ψάξω 😜'
'Εμένα μαρέσει γενικά η λογοτεχνία που έχει ιστορικό πλαίσιο'
'Αγαπημένος αυτή τη στιγμή είναι ο Dickens'
'Λες να γνωριστούμε ποτέ από κοντά; 😆'
'Θα ήθελα να σου πω τι ίδιο αλλά να είμαι ειλικρινής δεν έχεις πολύ καλά φωτισμένες φωτογραφίες!'
'Έχουμε ξανακάνει ματς πιστεύω χεχε'
'Γιατί δεν με κάνεις add λοιπόν έτσι ώστε την επόμενη φορά που σβήσεις το app δεν θα χαθούμε; 🤭😏'
'Που τραβήχτηκε η πρώτη φωτογραφία; Ωραίο μέρος φαίνεται!'
'That&apos;s so cool! Κάτσε εννοείς στην Ανάβυσσο Αττικής;'
'Δεν ήξερα καν ότι υπήρχε δρυμό εκεί 😝'
'Με μουσική'
'Εσύ;'
'Στα παρασκήνια χεχε. Δούλευα σε δισκογραφική ως marketing manager'
'Και ασχολούμαι ερασιτεχνικά με djing'
'Και τώρα ψάχνω για το επόμενο βήμα της καριέρας μου'
'Εσύ με τι ασχολείσαι'
'Α τώρα ήρθαν...κι γω τελείωσα πολιτικές επιστήμες!'
'Με όπερα...Ωραίος συνδυασμός !'
'Εγώ σπούδασα Αγγλία - university of Bristol'
'Εσύ;'
'A ok - πότε τελείωσες;'
'Σιγάα βρε'
'Έχεις ωραίο χαμόγελο!'
'Πώς είσαι'
'Κι γω χαχα'
'Τι μουσική;;'
'Για στείλε μου λινκ'
'Εγώ όταν άκουσα retrowave σκέφτηκα κάτι σε φάση indie&sol;synthesiser'
'Καλά είμαι εσύ; 🙂'
'Αφού είμαι μισός Έλληνας χαχα'
'Αν και η μητρική μου γλώσσα είναι τα αγγλικά'
'Ελληνικά χαχα'
'Και συ εισαι ωραίος χαχα'
'Μένω στη Βούλα'
'Εσύ;'
'Μάλιστα χαχα'
'Αρκετά μακριά είμαστε'
'Στη Βούλα είμαι ναι'
'Χμμ'
'Κάτι σταθερό'
'Είτε είναι φάση'
'Είτε κάτι σοβαρό'
'Εσύ;'
'Φαντάζομαι δεν μένεις μόνος σου;'
'Ούτε εγω'
'Μάλλον δεν βλέπω να εξελίσσεται κάτι προς το παρόν &colon;&sol;'
'Σκοπεύω με το καλό να μετακομίσω σε λίγο καιρό - αν θέλεις μπορείς να με κάνεις add στο ig να μην χάσουμε επαφή 😅'
'Καλησπέρα'
'Καλησπέρα'
'Μου αρέσει το 🧔sou'
'Ελληνικά χαχα αν και έχω την τάση να πετάω αγγλικές φράσεις'
'Στη Βούλα - εσύ;'
'Nice! Είναι ωραία στην Φλοίσβου. Πόση ώρα σε πήρε με το ποδήλατο να κατεβείς;'
'😅 περίπου τόσο'
'Αμέ - αλλά να έχουμε μιλήσει λίγο και πριν! 😝'
'Ώστε έχεις το δικό σου boutique?'
'Hehe ε νταξ'
'Παρόμοιο 😝'
'Α ναι; Χαχα'
'Σπουδάζεις;'
'Oh cool - άντε με το καλό!'
'Εγώ ασχολούμαι με μουσική'
'Έχω κι γω το δικό μου business με ρούχα 🙈'
'Αλλά είναι πιο πολύ merchandise'
'Ω σιτ'
'Κλείσατε ε; 😕'
'Βλέπουμε 👀😅'
'Και που μένεις;'
'Βούλα!'
'Φαντάζομαι είσαι με γονείς κι συ'
'I know! Σπάνιο'
'Καλησπέρα!'
'Το όνομά σου είναι Jan σκέτο;'
'Είσαι ωραίος Jan!'
'Κάτι σταθερό ιδανικά'
'Είτε είναι φάση είτε και σοβαρό'
'Εσύ;'
'Με τι ασχολείσαι;'
'Εγώ ασχολούμαι με μουσική'
'Και ψάχνω για δουλειά αυτή τη στιγμή'
'Αφού ποια περιοχή είσαι;'
'Επιτέλους κάποιος που μένει νότια χαχα'
'Μένεις μόνος;'
'Συγχαρητήρια! Χαχα'
'Οι περισσότεροι εδώ μένουν με τους γονείς τους 🙄'
'Είσαι μισός Έλληνας σα και μένα;'
'Ααα κουλ'
'Μπράβο που μιλάς ελληνικά λοιπόν!'
'Μιλάω αγγλικά αν σου είναι ποιο εύκολο;'
'Ναι μια χαρά φαίνεσαι'
'Είμαι τοπ'
'Εσυ'
'Καλησπέρα &colon;&rpar;'
'Είσαι ωραίος!'
'Σε ποια περιοχή μένεις;'
'Τα βελάκια τα είδα &colon;Ρ'
'Εφοσον τα λέμε έτσι εξαρχής, εγώ είμαι τοπ  χαχα'
'Βούλα'
'Μένεις μόνος;'
'Πες μου για σένα'
'Με το κλάδο της νομικής ασχολείσαι;'
'Εκτός αν είσαι σε mood για ένα hookup για απόψε - τότε σε αφήνω και τα λέμε αύριο &colon;Ρ'
'Καλησπέρα Διονύση &colon;&rpar;'
'Καλημέρα &colon;&rpar;'
'Γεια σου Χρήστο &colon;&rpar;'
'Καλημέρα &colon;&rpar;'
'Καλά! Λιάζομαι αυτή τη στιγμή χεχε'
'Εσύ;'
'Με τι ασχολείσαι;'
'Και πιο είναι το workout routine σου σε εποχή καραντίνας;'
'Και γω στη διαφήμιση ήμουν 2.5 χρόνια!'
'Τώρα ασχολούμαι με μουσικό χεχε'
'Στην Αγγλία'
'Σε ένα που λεγόταν Zone και ύστερα στη McCann'
'Ομολογώ ότι δεν ξέρω σε τι αναφέρεσαι ακριβώς όταν λες BTL ?'
'Ναι ναι'
'Εσύ σε πια είσαι; Ποιυς πελάτες;'
'Αα κατάλαβα'
'Και που μένεις;'
'Έρχομαι προς εσένα αύριο για μια δουλειά βασικά 😅'
'Εγώ μένω Βούλα'
'Χαχαχα'
'Έχεις φίλους εδώ κάτω;'
'Καλημέρα &colon;&rpar;'
'Are you dating όπως λες στο προφίλ σου αυτό το καιρό;'
'Έτσι λέω!'
'Νταξ όχι αμέσως αμέσως αλλά ήθελα να ξεκαθαρίσω εξαρχής αν αυτό ήταν κάτι που θα έκανες'
'Με τι ασχολείσαι;'
'Η τρίτη φωτό σου μου κάνει πολύ για ηθοποιό θεάτρου 😅'
'Ωωω το πιασαα'
'Άπο εργασία πώς πας τέτοια εποχή; 😕'
'Χαχ κι γω τέτοια δουλειά θα ξεκινήσω σε λίγο'
'Ενώ ασχολούμαι με μουσική'
'Πάνω σε τι;'
'Ζεις μόνος;'
'Δυστυχώς με γονείς χαχα'
'Αλλά προσπαθώ να ξεφύγω. Μόλις ξεκινήσω τη δουλειά  θα μετακομίσω'
'Έλα σορρυ!'
'Ξεχάστηκα!'
'Νομίζω θα προτιμούσα να συνδεθούμε μέσω IG πριν ανταλλάξουμε αριθμούς;'
'Καλό σημάδι αυτό για μένα να ξες ;Ρ'
'Καλημέρα &colon;&rpar;'
'Εμένα μου δείχνει ότι είσαι 11 χμ 😝'
'Βούλα βρίσκομαι - εσύ;'
'Ποτέ μην λες ποτέ! Εγώ αυτή την στιγμή ψάχνω για date&sol;φάση'
'Και για τον σωστό τύπο δεν έχω θέμα να μετακινούμαι'
'Ναι έχει ιδικά αυτό το καιρό. Αλλά πρόσφατα συνειδητοποιήσα πώς νιώθω αρκετά μόνος κ ότι χρειάζεται να κάνω κάτι γι&apos;αυτό 😅'
'Αυτός ο ιός δε θα μου φάει τα καλύτερα χρόνια της ζωής μου'
'Όχι...αν κι δεν ψάχνω αποκλειστικά για σεξ'
'Καλημέρα &colon;&rpar;'
'Καλημέρα &colon;&rpar;'
'Καλημέρα &colon;&rpar;'
'Μ&apos;αρέσουν πολύ τα γένια σου'
'Καλημέρα &colon;&rpar;'
'Καλημέρα &colon;&rpar;'
'Καλημέρα &colon;&rpar;'
'Καλημέρα &colon;&rpar;'
'Καλημέρα &colon;&rpar;'
'Καλημέρα &colon;&rpar;'
'Καλημέρα &colon;&rpar;'
'Καλημέρα &colon;&rpar;'
'Καλημέρα &colon;&rpar;'
'Καλημέρα &colon;&rpar;'
'Καλημέρα &colon;&rpar;'
'Καλημέρα &colon;&rpar;'
'Καλημέρα &colon;&rpar;'
'Αγαπημένο horror movie?'
'Καλημέρα &colon;&rpar;'
'Καλημέρα &colon;&rpar;'
'Γεια σου Μ...ιχάλη;'
'Μήτσος;'
'Γιατί δεν έχεις το όνομά σου;'
'Και γω 🙂'
'Με τι ασχολείσαι Μάριε;'
'Εγώ δουλεύω στο χώρο της μουσικής'
'Ήμουν σε μια δισκογραφική πριν και τώρα ψάχνω για το επόμενο βήμα μου'
'Μαρεσει το μούσι σου! 🧔'
'Περιοχή σου;'
'Μ&apos;αρέσουν τα γένια σου! 🧔'
'*ή μάλλον το μούσι σου χαχα'
'Δεν είναι μητρική μου γλώσσα τα ελληνικά'
'Καλησπέρα Χρήστο &colon;&rpar;'
'Καλησπέρα Μάκη &colon;&rpar;'
'Γεια σου Πάνο &colon;&rpar;'
'Έχεις ωραίο χαμόγελο!'
'Τι ψάχνεις εδώ;'
'Και γω κάτι αντίστοιχο'
'Να και μια ενδιαφέρουσα ερώτηση επιτέλους &colon;Ρ'
'Συνήθως εδώ μου απαντάνε μονολεκτικά και το αφήνω &colon;Ρ'
'Εσύ που είσαι speech pathologist λοιπόν ξέρεις να επικοινωνείς! Χαχα'
'Εμμμ μου έχει κάτσει πολύ καλά η αλλαγή. Έχω βρει τη δουλεια των ονείρων μου εδώ οπότε είμαι αρκετά χαρούμενος από αυτήν την άποψη'
'Δουλεύω σε μια δισκογραφική'
'Εσύ είσαι freelancer?'
'Πάντως πρέπει να είσαι πολύ περίφανος για αυτό που κάνεις!'
'Ναι έχεις δίκιο σ&apos;αυτό'
'Και που λες να κάνεις το διδακτορικό σου αν είναι;'
'Πόσα παιδιά έλαβαν μέρος στην έρευνα;'
'Είναι μια μικρή σχετικά'
'Η μουσικοί μας είναι indie&sol;rock&sol;electronic'
'Ε νταξ συνήθως ο κόσμος δεν γνωρίζει για δισκογραφικές'
'Ονόματα καλλιτεχνών'
'Πιο πολύ'
'Με τι ασχολείσαι εκτός δουλειάς;'
'Εγώ από γυμναστική έκανα weightlifting'
'Αλλά τι έχω αφήσει και λέω να βάλω τον εαυτό μου σε τάξη σιγά σιγά 😛'
'Ασχολούμαι με djng'
'Ποίηση'
'Πιο παλιά ζωγράφιζα και χόρευα'
'Γενικά είναι της τέχνης 😛'
'Είμαι*'
'Αλήθεια;'
'Ωραίο αυτό το κοινό &colon;Ρ'
'Και σε ποια περιοχή μένεις;'
'Βούλα'
'Αλλά σκοπεύω να μείνω πιο κεντρικά'
'Μόλις μάθω τι θα γίνει με την δουλειά μου - λήγει η σύμβασή μου σε λίγο'
'Και ελπίζω να με παρόν μόνιμα 🤞'
'Πάρουν*'
'Είναι πολλά ρε συ'
'Καταρχάς μένω με τους γονείς μου'
'Που μετά από 5 χρόνια ανεξαρτησίας κιόλας στην Αγγλία είναι αρκετά ξενέρα'
'Και η δουλειά μου είναι Πανόρμου'
'Και δεν οδηγάω &colon;Ρ'
'Ουυυυ Γκουντ λακ'
'Εσύ μένεις μόνος;'
'Ααα οκ'
'Από πού είσαι;'
'Ααα μάλιστα'
'Σε ωραία περιοχή μένεις πάντως!'
'Τώρα εγώ πρέπει να βρω δωμάτιο'
'Και κοιτάω περιοχές'
'Κέντρο πάντως'
'Δεν νομίζω να μπορέσω να βρω στούντιο&sol;γκαρσονιέρα που να είναι μέσα στο budget μου, τουλάχιστον οχι στις περιοχές που κοιτάω'
'Οπότε μάλλον θα πρέπει να συγκατοικήσω με κάποιον'
'Καλή χρονιά κιόλας!'
'Πώς τα περνάς;'
'Καλησπέρα &colon;&rpar;'
'Γιατί ξαναμπήκα tinder μου λες; Κάνω ματς με κάτι παιδιά σαν κι σένα ενώ δεν μπορώ να βγαίνω ραντεβού 🤦\u200d♂️'
'Μ&apos;αρέσουν τα γένια σου! ;Ρ'
'καλάα κάνω αιτήσεις για δουλειά'
'αλλά failάρω'
'εσύ'
'Σε ποια περιοχή;'
'Βούλα &colon;P '
'Με τι ασχολείσαι;'
'Καλησπέρα handsome!'
'Καλησπέρα handsome!'
'Λοιπόν έπεσε λίγο insta stalking'
'Έχεις γονέα από UAE;'
'Καλησπέρα!'
'Εγώ γεννήθηκα&sol;μεγάλωσα στο Ντουμπάι'
'ναι'
'μετακομίσαμε Ελλάδα όταν ήμουν 11'
'τώρα ζω Αθήνα αφού πήγα Αγγλία μερικά χρόνια για σπουδές&sol;δουλειά'
'μένω βούλα '
'εσύ;'
'Τώρα στην καραντίνα; 😜'
'Εσύ δεν μένεις κ μόνος σου φαντάζομαι;'
'Περιοχή σου;'
'Και γωω'
'Δίπλα στο Άρης Βούλας είμαι'
'Εσύ'
'Ναι ναι'
'Μααααλιστα χαχα'
'Απτις λίγες φορές που πετυχαίνω κάποιον στο τιντερ που να μένει κοντά μου λολ'
'Είμαστε στη μέση του πουθενά'
'Ναι ισχύει'
'Πηγαίνουμε τις βόλτες μας'
'Οουυ'
'Από Δευτέρα Γυμνασίου'
'Στο πρώτο Βούλας'
'ΛΟΟΟΟΟΛ'
'Ναι αλλά είμαι 3 χρόνια μεγαλύτερος οπότε δεν θα είχαμε ίδιες παρέες χαχα'
'Χεχε'
'Ναι αμέ &colon;&rpar;'
'Δεν περίμενα να το προτείνεις χαχαχα'
'Συνήθως είναι εδώ για χαβαλε μόνο κόσμος'
'Αλλά ναι αν θες πάμε καμιά βόλτα καβούρι'
'Όταν φτιάξει ο καιρός ;Ρ'
'Ωωω'
'Που;;'
'Θα πας κάθε μέρα Κηφισιά;;'
'Αααα μάλιστα'
'Ποια είναι η θέση σου;'
'Μπράβο σου'
'Μάγκας μεγάλος'
'Ε νταξ ρε φίλε είσαι 22 και άρχισες καριέρα σταθερή ενώ οι περισσότεροι συνομήλικοί σου&sol;μας χρωστάνε 20 μαθήματα και την παίζουν στο τικτοκ'
'Χαχαχααχ &lpar;εντωμεταξύ άνοιξα τικτοκ εγώ και γουστάρω φουλ αλλά δε πειράζει&rpar;'
'Όλα με μετρό!'
'Εγώ ασχολούμαι με μουσική'
'Ως DJ'
'Το background μου είναι γενικά στο advertising&sol;marketing και αποφάσισα να αλλάξω καριέρα στην μουσική...πριν χτυπήσει η πανδημία'
'Παραγωγή όχι &lpar;ακόμα&rpar;'
'Είμαι ακόμα ερασιτέχνης'
'Αλλά ελπίζω να μπορέσω να ασχοληθώ φουλ ταιμ'
'Δούλευα για μια δισκογραφική εδώ'
'Αλλά αναγκάστηκα να παραιτηθώ γιατί οι εργοδότες μου αποδείχτηκαν psycho'
'Μια πολύ μικρή με indie music'
'Hahaha ναι με το καλό'
'Τι σχέση έχεις με την Γαλλία;'
'Σπούδασες εκεί;'
'Και μένα μου αρέσει πολύ η Γαλλία'
'Παρόλο που την κράζουν όλοι'
'Χαχαχα'
'Μου άρεσε φουλ το Παρίσι'
'Αν και μου φάνηκε υπερβολικά ακριβή πόλη'
'Πιο πολύ και από το Λονδίνο'
'Κατάλαβα'
'Όχι έμενα σε μια πολύ που λέγεται Bristol'
'2.5 ώρες περίπου  μακριά από το Λονδίνο'
'Θα το ήθελα πολύ απλά έχω κάτι δουλίτσες'
'Θα σου έλεγα μεσ&apos;στην εβδομάδα αλλά έχεις δουλειά'
'Σίγουρα όμως το ΣΚ αν το ψήνεις!'
'Ο αριθμός μου είναι 00447519471784 btw'
'Αν θέλεις μιλαμε μέσω whatsapp'
'Έχω και Viber'
'Δεν χρησιμοποιώ το ινστα χαχαχα'
'Δεν έχω το απ'
'Αλλά οκ'
'απαντάω στην προηγούμενη ερώτησή σου - σπούδασα πολιτικές επιστήμες εκεί και ύστερα έκατσα 1.5 χρόνο για δουλειά '
'Έχασα την δουλειά μου λόγω του ιού'
'Και αποφάσισα να γυρίσω μιας και δεν περνούσα καλά'
'Δεν μου άρεσε κ η δουλειά μου κ μου δώσανε και αποζημίωση οπότε μου βγήκε σε καλό 🤣'
'Αυτό'
'Δεν με έκανες add τελικά στο ινστα 👀'
'Πώς ήταν η πρώτη σου μέρα;'
'Α ωραία! Φοράτε όλοι μάσκα φαντάζομαι ;'
'Εγώ καλά παραγωγικά - έκανα ένα mix'
'Hehe θα βγει σε μια εκπομπή στο ραδιόφωνο'
'Θα στο στείλω τότε αν είναι ;Ρ'
'Έχουμε ξαναμιλήσει νομίζω'
'Εσύ δεν χορεύεις;'
'Χεχε κάτι κάνω αλλά όχι σαν και σένα!'
'Μπράβο..είχα δει και ένα βίντεο!'
'Πώς παειι'
'I&apos;m sorry &colon;&sol; it sucks I know...\nΕγώ είμαι σχετικά οκ &lpar;surprisingly lol&rpar;. Ασχολούμαι πολύ με την μουσική και προσπαθώ να βρω δουλειά soo'
'Κάνω ότι μπορώ..'
'Αλλά λογικά δεν θα βρω και απλώς πρέπει να κάνω μια δουλειά customer service μέχρι να ανοίξει πάλι η αγορά..'
'Εσύ δουλεύεις;'
'Διδάσκεις χορό;'
'Αααα'
'Μμμ'
'Πω ρε φίλε'
'Άντε να έρθει το εμβόλιο'
'Κ σε ποια περιοχή μένεις;'
'Βούλα'
'Ναι γάμησέ τα χαχαα'
'Και πως είναι η εμπειρία σου με το tinder μέχρι στιγμής; 😜'
'Το χρησιμοποιείς και συ καιρό γι&apos;αυτό ρωτάω'
'Χμμ'
'Εγώ γενικά σπαταλάω χρόνο μιλώντας με στόμα - μερικές φορές κάνω και πολύ καλή κουβέντα, και ύστερα τρώω ghosting'
'Αμφιβάλλω πως όσοι είναι εδώ θέλουν να γνωρίσουν κόσμο από κοντά &lpar;μιλάμε για μη-COVID πλαίσιο&rpar;'
'Μπορεί να υπάρχει &quot;άπειρη&quot; επιλογή μέσω εφαρμογών αλλά δεν σημαίνει ότι μπορούμε να έχουμε connection ουσιαστικό με όλους'
'Ε'
'Γι&apos;αυτό καταλήγουν οι περισσότεροι μόνοι τους'
'Στα γηρατειά'
'Yeahh. Πιστεύεις πως βελτιώνεται το θέμα στην Ελλάδα; Με την ΛΑΟΤΚΙ κοινότητα;'
'Ήμουν Αγγλία 5 χρόνια οπότε έχω χάσει κάπως επαφή'
'Αν μας δέχονται πιο πολύ'
'Ναι'
'Γιατί παίζει και αυτό ρόλο νομίζω'
'Πιστεύω πως πολύ γκέι άνδρες εδώ δεν νιώθουν άνετα'
'Που οδηγεί σε όλες αυτές τις τοξικές συμπεριφορές'
'Εσύ πάντως είσαι ωραίο παιδί.. φαντάζομαι ότι δεν σου είναι δύσκολο να βρεις κάποιον να πας ραντεβού!'
'Τι χρειάζεται για να βγεις;'
'Ναι ισχύει!'
'Χαχα'
'Για μένα είναι σημαντικό να μου κάνει ερωτήσεις ο άλλος. Άμα μου απαντάει μονολεκτικά και δεν δείχνει ενδιαφέρον απλά παύω να μιλαω, όσο ωραίος και να τον βρίσκω'
'Θα έλεγα ότι εδώ τουλάχιστον μόνο 1 στους 10 περνάνε αυτό το στάδιο'
'Τον Μάρτιο. Είχα χάσει την δουλειά μου λόγω του ιού και αποφάσισα να γυρίσω.'
'Μου βγήκε σε καλό γιατί δεν μου άρεσε πολύ αυτό που έκανα &lpar;σε διαφημιστική&rpar; και μου δώσανε και αποζημίωση'
'Κι είχα βαρεθεί την Αγγλία γενικά. έχεις πάει;'
'Μπράβο! Χαχαχααχα'
'Δεν είναι και τόσο ωραίο αλλά για κάποιο λόγω πολλοί Έλληνες το αποθεώνουν'
'Χμμ'
'Εντάξει εν μέρει ισχύει ότι έχει πολλές ευκαιρίες'
'Και σίγουρα στο καλλιτεχνικό χώρο'
'Σε σχέση με την Ελλάδα'
'Αλλά έτσι όπως είπες .. ο ρυθμός της ζωής είναι x10'
'Χάος παντού'
'Χαχα'
'Εντάξει υπάρχουν πολλά άλλα μέρη στην Ευρώπη που έχουν ευκαιρίες αλλά δεν είναι το Λονδίνο χαχα'
'Μαδρίτη είναι ωραία'
'Βερολίνο'
'Άμστερνταμ'
'Η ροή είναι πιο χαλαρή εκεί'
'Εσείς ωραίο χαμόγελο &colon;&rpar;'
'Έχεις*'
'Έχασα την δουλειά μου το Μάρτιο λόγω του ιού'
'Και επειδή είχα ψηλοσιχαθει την Αγγλία και δεν άντεχα την ιδέα του να μείνω ενώ γινόταν lockdown αποφάσισα να γυρίσω χαχα'
'Εσύ με τι ασχολείσαι;'
'Και εγώ με το μάρκετινγκ ασχολούμαι'
'Αλλά τώρα προσπαθώ να το εφαρμόσω στον χώρο της μουσικής'
'Ναι! Κατάφερα βασικά να βρω δουλειά με μια μικρή δισκογραφική εδώ. Μου άρεσε πολύ αλλά οι εργοδότες μου αποδείχτηκαν τρελοί οπότε αναγκάστηκα να παραιτηθώ'
'Μου την είπανε γιατί ήθελα να πάρω την σύμβαση σπίτι μου πριν την υπογράψω, και ύστερα θέλανε να μειώσουν το μισθό μου στα €650 για να &quot;αποδείξω&quot; ότι αξίζω 800€'
'Ναιι'
'Αν και να είμαι ειλικρινής έχω ψηλοβαρεθεί να δουλεύω για άλλους. Τώρα θα προσπαθήσω να ασχοληθώ με τα δικά μου πρότζεκτ και να δουλεύω καμία customer service δουλειά part time - idk...still figuring shit out'
'Εσύ ποτέ ολοκληρώνεις την σχολή;'
'Ωωω γκουντ λακ!'
'Καλησπέρααα'
'Καλά είμαι - ακούω λίγη μουσική'
'Εσύ τι κάνεις;'
'Ooh τι σειρά βλεπειςς'
'Τουλάχιστον γυμνάζεσαι και παραμένεις κάπως παραγωγικός'
'Ohh πάνω σε τι θέμα;'
'Oh wow ενδιαφέρον!'
'Ψυχολογία σπουδάζεις;'
'Κάτσε φυλετικές διαφορές;'
'Δηλαδή μεταξύ λαών ξέρω γω;'
'Αααα οκ χαχαχααχ'
'Φοβήθηκα λέω ποιος είναι αυτός'
'Νόμιζα ότι φυλακίστηκε η Χρυσή Αυγή'
'Χμμ εγώ ασχολούμαι με διάφορα πρότζεκτ δικά μου'
'Γύρω από το DJing'
'Και θέλω να αρχίσω πάλι γυμναστική'
'Χεχε'
'Τις προάλλες σκεφτόμουν πόσο μου λείπει το clubbing...παρόλο που κανονικά δεν μαρεσει καν χαχα'
'Άσε που κάνω ματς με κάτι ωραίους και δεν μπορώ να τους γνωρίσω από κοντά ! 👀'
'Έχεις ξαναχρησιμοποιήσει το tinder?'
'Ναι είναι ξενέρωτοι χαχα'
'Εγώ μένω βουλα'
'Εσύ;'
'Ωχ χαχαχα'
'Και που ήθελες να μετακομίσεις; 😂'
'Λοοολ'
'Μόλις μπορέσεις να ανεξαρτοποιηθείς θα σου έλεγα να πας κέντρο'
'Ναι κάτι έχω καταλάβει'
'Ναι ε;'
'Έχω ακούσει πολλά για το Παγκράτι'
'Χαχαχα'
'Άσε'
'Ε νταξ είναι ωραία για βόλτες'
'Είμαι παραλιακά και είναι πολύ ανοιχτά εδώ'
'Σκόπευα να μετακομίσω κέντρο αλλά οι εργοδότες στην δουλειά μου αποδείχτηκαν τρελοί και αναγκάστηκα να παραιτηθώ. Sooo I&apos;m still with the parents -.-'
'Αλλά 5 χρόνια στην Αγγλία μόνος μου ήμουν'
'Σε μιανδισκο'
'Δίσκογραφική*'
'Χεχε και μένα μου άρεσε πολύ'
'Αλλά με παίρνανε για μαλάκα και δεν μπορούσα να μείνω'
'Τώραα βλέπουμε τι θα γίνει'
'Το ιδανικό για μένα ρε συ θα ήταν να βρω part time δουλειά για μία ξένη εταιρεία. Αλλά να δουλεύω από απόσταση και στο πλάι να κάνω και τα σετ'
'Αυτό είναι το πλάνο'
'Ξένη εταιρεία γιατί μιλάω άπταιστα αγγλικά και μια part time δουλειά σε αυτούς πληρώνει πιο πολύ από μια φουλ ταιμ εδώ'
'Αυτό'
'Εσύ ποτέ με το καλό θα αποφοιτήσεις να βγεις στην υπέροχη αγορά εργασίας; 😂'
'Που;'
'Εντάξει έχεις χρόνο'
'Ναι είναι φουλ ενδιαφέρον'
'Καλά δεν νομίζω να μείνεις σερβιτόρος χαχα'
'Απτά λίγα που μου έχεις πει ήδη φαίνεσαι 100 φορές πιο έξυπνος από πολλούς άλλους λολ'
'Απλά φοβάμαι ότι ο πολιτιστικός χώρος δεν θα πληρώσει όσο αυτός της νευροεπιστήμης'
'Κατάλαβα'
'Υπάρχουν όμως και χώροι που συνδυάζουν και τα δύο  👀'
'Στην πόλη που έμενα Αγγλία πχ υπήρχε ένα μουσείο που εξερευνούσε γενικά την σύνδεση μεταξύ οπτικής και επιφανειακής&sol;καλλιτεχνικής αισθητικής'
'Κάτσε να βρω το site'
'Έχασα την δουλειά μου λόγω του ιού'
'Τον περασμένο Μάρτιο'
'Και είχα βαρεθεί την Αγγλία γενικά so was like &quot;fuck it&quot;'
'Εντάξει δεν μου άρεσε ούτε η δουλειά μου και μου δώσανε αποζημίωση οπότε μου βγήκε σε καλό'
'&lpar;btw δεν νομίζω να επηρεάσει πολύ την πρόσβασή σου στην Αγγλία το μπρεξιτ - χωρίς το ξένο ταλέντο το Λονδίνο θα καταρρεύσει και το ξέρουν 😂&rpar;'
'Όχι'
'Μεγάλωσα στο Dubai'
'Και ήρθα εδώ στα 11'
'Που έχεις πάει;'
'Πώς σου φάνηκε η Πολωνία;'
'Χαχαχαχαχαχαχαχα'
'Δεν έχω πάει'
'Αλλά μια φίλη μου μένει εκεί στο Gdansk'
'Ήσουν επαρχία;'
'Άα κατάλαβα'
'Περίπου 2.5 ώρες από το Λονδίνο'
'Ναι είναι πολύ ωραία πόλη!'
'Πέρασα πολύ όμορφα εκεί'
'Ήρθε η στιγμή να φύγω at some point'
'Λονδίνο θα πήγαινα στανταρ'
'Έστελνα αιτήσεις και όλας'
'Πριν το lockdown'
'Θα σου πω για το Λονδίνο'
'Είναι όντως κουλ πόλη'
'Με πολλές ευκαιρίες και πολλούς διαφορετικούς ανθρώπους'
'Αλλά δεν θέλω να νομίζεις ότι είναι κάποιος παράδεισος !'
'Έχει πολλά κακά επίσης'
'Αλλά και αυτό μια συζήτηση για ποτό είναι 😜'
'Εντάξει ναι είναι ένα από τα επίκεντρα του κόσμου'
'Χαχαχαχααχαχ'
'Ναι όμως να αφαιρέσεις την εικόνα του ήλιου από αυτό το κομσεπτ'
'Και ενός μπλε ουρανού'
'Γιατί δεν υπάρχει'
'Εντααααααααξει'
'Εγώ'
'Εγώ πάντως θέλω ήλιο καθημερινά'
'Νομίζω ότι είναι επειδή γεννήθηκα στην έρημο χαχαχα'
'Έχει γίνει μια φορά νομίζω'
'Αλλά μπορεί να ήσουν πολύ μικρός να το θυμάσαι'
'Εγώ ήμουν 12 νομίζω'
'Μμμ'
'Λοιπόν εγώ θα προσπαθήσω να κοιμηθώ xxx'
'Malaka εσείς οι Έλληνες'
'ΛΟΛ'
'Η αλήθεια είναι ότι συνήθως κοιμάμαι 4-6'
'Από τότε που έμεινα χωρίς δουλειά χαχα'
'Αλλά για μένα δεν είναι καλό ρε συ γιατί ξυπνάω 13&colon;00 και χάνω την ημέρα'
'Τον λίγο ήλιο που έχουμε πλέον 😜'
'Χαχαχαχχα'
'ΛΟΛ εγώ πάντως ποτέ δεν βίωσα τέτοιες μέρες'
'Μάλλον είμαι ξενέρωτος'
'Όπως είπα πριν...δεν πήγαινα clubbing συχνά χαχα'
'Καλά ναι'
'Γάμησέ τα'
'Και με το ποτό το γαμάνε φουλ'
'Άσε μην με κάνεις να τους θυμηθώ τους φλώρους'
'Όπως κατάλαβες είμαι πολύ περίφανος για την αγγλική ιθαγένειά μου'
'Στην Αγγλία νιώθω Έλληνας και στην Ελλάδα νιώθω Άγγλος'
'Έτσι πάνε αυτά'
'Σε έκανα follow btww'
'Και συ'
'Ωραίο σώμα έχεις ;Ρ'
'Καλά εδώ ετοιμάζομαι για ύπνοο'
'Κανονικά κοιμάμαι 4-6 -.-'
'Προσπαθώ όμως να το αλλάξω χαχα'
'Εσύ τι ώρα κοιμάσαι;'
'Είσαι ωραίος! 😛'
'Και μου αρέσει κ η δουλειά σου'
'Τι μουσική ακούς&sol; με το είδος ασχολείσαι;'
'Δηλαδή; Ασχολούμαι εγώ με DJing και πάντα θαύμαζα κάπως τους παραγωγούς'
'Haha δεν θα έλεγα όχι ;Ρ'
'Σε τέτοιους περιόδους όμως δύσκολα. Κάνω ματς για να βγαίνω αφού τελειώσει η καραντίνα.'
'Εσύ που μένεις;'
'Έχεις ωραίο χαμόγελο &colon;&rpar;'
'Έχεις πολύ ωραίο χαμόγελο &colon;&rpar;'
'Με τι ασχολείσαι;'
'Oh nice! Έχεις κατοικίδιο φαντάζομαι;'
'Εγώ δούλευα σε μια δισκογραφική'
'Και τώρα προσπαθώ να βρω ποιο είναι το επόμενο βήμα μου!'
'Α ναι σορρυ χαχα 🙈'
'Δυστυχώς δεν έχω'
'Αλλά λατρεύω τα σκυλιά'
'Τα μεγάλα* σκυλιά'
'Ο δικός σου φαίνεται γλύκας'
'Βούλα!'
'Εσύ;'
'Ααα άρα κάνεις ταξίδι εσύ κάθε μέρα χαχα'
'Ναι το έχεις συνηθίσει'
'Έρχεσαι από κέντρο ή Αττική οδό;'
'Η μάνα μου δουλεύει στο deree και πηγαίνει μέσω Αττικής'
'Άα ναι'
'Είναι κ αυτό'
'Εμμ κάτι σταθερό γενικά'
'Αν και σε τέτοιους καιρούς είναι κάπως δύσκολη η κατάσταση χαχα'
'Εσύ;'
'Ναιι'
'Εσύ δουλεύεις ακόμα ή είσαι lockdown;'
'Χαχα κατάλαβα ;&rpar;'
'Άα οκ τότε'
'Σε ποιο μέρος της Γλυφάδας δουλεύεις;'
'Άα οκκ'
'Καλησπέρα handst'
'Τι λέει'
'Haha τα ίδια'
'Δουλεύεις από το σπίτι φαντάζομαι;'
'Σοβαρά;'
'Κάτσε σου στέλνω WhatsApp'
'Συγγνώμη για την καθυστέρηση χαχα'
'Με τι ασχολείσαι Γιάννη;'
'Χαχα και γω'
'Δούλευα μάρκετινγκ σε μια δισκογραφική'
'Μπήκα ναι αλλά όντως δούλευα σε μια δισκογραφική 🤣'
'Δυστυχώς αναγκάστηκα να φύγω όμως γιατί αποδείχτηκαν κάπως τρελοί οι bosses'
'Μέχρι τώρα δούλευα σε advertising agencies αλλά πριν κάτι μήνες αποφάσισα ότι ήθελα να ασχοληθώ με την μουσική'
'Και κατάφερα να χωθώ σε μια εδώ'
'United we fly λέγεται'
'Μια πολύ μικρή'
'Πολύ καλή'
'Αλλά ναι δυστυχώς δεν κράτησε για μένα χαχα'
'Εσύ πόσο καιρό είσαι στο χώρο;'
'Kimonpm - δεν το χρησιμοποιώ πολύ πλέον. Μπαίνω απλώς για να τσεκσαρω άτομα που πετυχαίνω tinder ;P'
'Α άρα 6 χρόνια στο μουσικό χώρο γενικά;'
'Ζηλεύω'
'Χαχα'
'Πάντα ήξερες ότι σου αρέσει δηλαδή'
'Γι&apos;αυτό ζηλεύω χεχε'
'Μπράβο σου πάντως'
'Και τι μουσική ακούς;'
'Και γω ακούω απολα αλλά κυρίως afrobeats&sol;rnb&sol;reggae'
'Με ποιους καλλιτέχνες συνεργάζεσαι;'
'Αν επιτρέπεται χεχε'
'Αυτό σκέφτηκα μόλις έστειλε το μύνημα'
'Άντε σε έκανα accept 😉'
'Χαίρεται &colon;&rpar;'
'Σορρυ για την καθυστέρηση χαχαχα'
'Τι λέει'
'Καλησπέρα handsome!'
'Από πού είναι το quote στο bio σου;'
'ΧΑΧΑΧΧΑΧ'
'Μόλις το γκογκλαρα'
'Well έχει και η Brittany την σοφία της'
'Α ναι; Χαχαχα'
'Με συγχωρείς 🤣'
'Με τι ασχολείσαι;'
'Δεν έχω ινστα αλλά οκ'
'Hehe καλαα'
'Προσπαθώ να καταλάβω αν είσαι φουλ Έλληνας ή cocktail σα και μένα'
'Καλησπέρα &colon;&rpar;'
'Μου αρέσουν τα γένια σου!'
'Προς το παρόν εδώ είμαι'
'Χαχα'
'από ποια περιοχή είσαι;'
'Βούλα'
'Χεχε εντάξει'
'Δούλευα κάθε μέρα Πανόρμου'
'Οπότε δεν μου φαίνεται μακριά πλέον'
'Σε μια δισκογραφική ημουν'
'Εσύ με τι ασχολείσαι;'
'Γιες! Δυστυχώς δεν παίζω κάποιο όργανο αλλά ασχολούμαι ερασιτεχνικά με djing'
'Έρευνα κάνεις ή δουλεύεις για μια εταιρεία;'
'Ποιο NGO??'
'Έχω πολλές ερωτήσεις'
'Χαχαχα'
'Αλλά λέω να τις αφήσω για τώρα - καλύτερα από κοντά τέτοιες συζητήσεις 🙈'
'Για τι ψάχνεις κυρίως;'
'Και γω το ίδιο.'
'Ιδανικά σχέση βασικά'
'Κάτι σταθερό'
'Καλό θα ήτανε ;Ρ'
'Όταν δεν σώζεις λύκους λοιπόν τι σου αρέσει να κάνεις; &colon;Ρ'
'Ώπα'
'Και γω ασχολούμαι με ζωγραφική 😂'
'Οοου τι μουσική;'
'Κάτι κατάλαβα από το pink Floyd που έχεις βάλει προφίλ ;Ρ'
'Hmmm okay. Εγώ ακούω κυρίως ξένη μουσική. Έχω μανία με reggae&sol;dancehall'
'Αλλά εκτιμώ όλα τα είδη'
'Χαχα κι γω'
'Ίσως να σε έκανα add στο φβ πρώτα;'
'Δεν έχω !'
'Το έσβησα'
'εντάξει δεν περιμένω ο κάθε gay να γεμίζει τα προφίλ του με #LGBTEQUALITY'
'οι γονείς σου ξέρουν για σένα;'
'και μένεις μαζί τους φαντάζομαι; με γονείς εννοώ '
'εμένα όλοι το ξέρουν ναι '
'αν και ο πατέρας μου κάνει τα στραβά μάτια χαχαχα'
'οοου κούλ '
'Μισός Έλληνας μισός... Σκοτσέζος;'
'Καλημέρα!!'
'Με τι ασχολείσαι;'
'Κανονικά θα σε ρωτούσα με βάση το bio σου αλλά δεν μου δίνεις την ευκαιρία 😂'
'*θα σε ρωτούσα κάτι'
'Καλημέρα handsome!'
'Ακόμα να βγω από το κρεβάτι 🙈'
'Εσύ;'
'Ζεις Αθήνα;'
'Μαλιστααα'
'Ποια περιοχή;'
'Είναι τελικά η θεσσα καλύτερη από Αθήνα; Ή ανοίγω μεγάλη συζήτηση τώρα; 😛'
'Χαχα α οκκ'
'Κυψέλη ε; Έλεγα και γω να μετακομίσω εκεί - έχουμε ένα διαμερισα'
'Σαρεσει;'
'Αμέ χαχα'
'Πόσο καιρό είσαι εδώ;'
'Καλημέρα &colon;&rpar;'
'νααατοοος'
'Μαλάκα πήγα να σε ρωτήσω πώς και δεν σε έχω πετύχει tinder'
'Τόσο καιρό στο Grindr μόνο;'
'Χαχαχχα'
'Πώς το βλέπεις το τοπίο'
'Χαχα σε εισαγωγικά'
'Πώς βλέπεις τα πράγματα εδώ'
'Από άντρες κλπ'
'Δεν κατάλαβα'
'Πες το αλλιώς χαχα'
'Μα όταν σε ρώτησα εγώ αν έκανες καμία φάση τελευταία μου είπες όχι'
'Ααα'
'Χαχα καλά έκανες τότε'
'Χμ πριν ενάμιση μήνα περίπου'
'Αλλά μόνο αυτό'
'Αυτό σου λέει αν το έχεις περάσει'
'Για να έχεις αντισώματα'
'Και και καλά είσαι κομπλέ για 4 μήνες +'
'Αν δεν έχει μεταλλαχτεί ο ιός'
'Αυτό δεν το ξέρω'
'Χμ'
'Πήγες στο πρώτο;'
'Βούλας'
'Χαχαχαχαχα'
'Αν σου πω ότι μόλις τώρα σκεφτόμουν να σε ρωτήσω αν την ήξερες'
'Ναι μην ανησυχείς'
'Είμαστε ακόμα πολύ κοντά'
'Όμως'
'Οπότε δεν νομίζω ότι μπορώ να κάνω κάτι μαζί σου'
'Θα μπορούσα να της μιλήσω γι&apos;αυτό αλλά εφόσον δεν θέλεις καλύτερα να μην βρεθούμε έτσι'
'Για το γεγονός που μιλάω με σένα'
'Δεν θα της πω τίποτα, μην ανησυχείς'
'Αλλά και από την άλλη δεν νιώθω άνετα να βρεθώ με έναν πρωην της. Όχι ότι έχει ακόμα συναισθήματα για μένα &lpar;ή για σένα λολ&rpar; - είναι σε σχέση κιόλας.'
'Κοίταξε όπως είπα, δεν θα της πω τίποτα. Αλλά οφείλω να σου πω ότι η Ειρήνη είναι από τους πιο έμπιστους ανθρώπους που γνωρίζω.'
'Κάθετε και μου κράζει τους γονείς που είναι τόσο ομοφοβικοί, δεν θα τους πει κιόλας για τον γιο των φίλων τους'
'Πριν από πόσο καιρό κάνατε κάτι;'
'Κατάλαβα'
'Eee δεν ξέρω για μένα θα ήταν τέρμα awkward αν βγαίναμε και δεν το ήξερε η Ειρήνη. Παρόλο που δεν είμαστε σε σχέση &lpar;και χωρίσαμε πριν 8 χρόνια ξέρω γω&rpar; είμαστε πάρα πολύ κοντά και είναι από τους πιο σημαντικούς ανθρώπους για μένα. \n\nΘέλω να σε γνωρίσω αλλά πριν το κάνω οφείλω να τις μιλήσω.'
'I&apos;m sorry δεν μπορώ. Νομίζω ότι μια χαρά θα τα βρίσκαμε αλλά ναι'
'Μπορεί να μην είχατε κάτι σοβαρό αλλά θα ήταν τερρρρμα περίεργο γι&apos;αυτήν άμα μάθαινε ότι δύο πρώην της βγαίνανε μαζί 😂'
'Και τέρμα awkward για μένα να το κρατήσω από αυτήν μέχρι να το μάθει'
'Κάτι τέτοιο ναι'
'Καλησπέρα &colon;&rpar;'
'Γεια σου Χρήστο'
'Βουλιώτης είσαι;'
'Ναι βουλιώτης και εγώ χεχε'
'Ώστε αρχιτέκτονας ε;'
'Δουλεύω σε μια δισκογραφική'
'Καλησπέρα &colon;&rpar;'
'Λονδίνο μένεις;'
'Καλημέρα Μ..ανώλη; 😛'
'Καλά εδώ τελειώνω σιγά σιγά τη δουλειά'
'Εσύ;'
'Μανώλη σε λένε τελικά; &colon;Ρ'
'Το όνομά σου;'
'Hi Θανάση &colon;&rpar;'
'Έχεις ωραίο χαμόγελο ☺️'
'Τι ψάχνεις στο tinder?'
'Haha εγώ κάτι σταθερό'
'Αλλά δεν με χαλάει και αυτό που είπες χαχα'
'Με τι ασχολείσαι;'
'Καλησπέρα Τάκη &colon;&rpar;'
'Έχεις πολύ ωραίο χαμόγελο'
'Haha η ελληνική πλευρά της οικογένειάς μου έχει ρίζες στην Αίγυπτο &colon;Ρ'
'Και γεννήθηκα εγώ Dubai'
'Αλλά δυστυχώς αυτά είναι τα μόνο αραβικά που ξέρω &colon;&lpar;'
'Εδώ μεγάλωσες;'
'Κουλ κουλ'
'Και με τι ασχολείσαι;'
'Εγώ δουλεύω σε μια δισκογραφική'
'Χαχαχαχα'
'Δυστυχώς όχι'
'Ναι είμαι'
'Αλλά σπούδασα πολιτικές επιστήμες'
'Από Μάρτιο'
'Ώστε φιλόλογος ε; Κάτι καλό που διάβασες πρόσφατα;'
'Ναι η αλήθεια είναι καλύτερα καραντίνα εδώ παρά στην μιζέρια της Αγγλίας'
'Χαχαχαχαχα'
'Χμμμ'
'Μην πας ποτέ μόνος στο ταχυδρομείο του Σ. Κούλογλου'
'Προσπαθώ να διαβάσω πιο πολύ ελληνική λογοτεχνία και αυτό ήταν από τα πρώτα που διάβασα'
'Μου αρέσουν πολύ τα βιβλία που έχουν πλαίσιο ιστορικό περίοδο'
'Και αυτό είναι βασισμένο στην Ρωσία πριν πέσει η ένωση'
'ΛΟΛ'
'Που πήγες;'
'Που πήγες;'
'Δεν έχω πάει'
'Αλλά έχω ακούσει πολλά &colon;Ρ'
'Δεν έχω του κοιλιακούς για τη Μύκονο'
'Haha τους snob'
'Ναι αλλά γιατί να βάλω τον εαυτό μου σε τέτοιο κατάσταση εξαρχής;'
'Μπορώ απλώς να αράξω σε μια παραλία στη Σκόπελό μου και να μείνω ήσυχος'
'Χεχε'
'Ωχ'
'Χμμμ ίσως να πάω με κάποιον που το ξέρει άραγε'
'😛 σωστός'
'Εσύ τι ψάχνεις εδώ;'
'Το διάβασα'
'Αλλά δεν επισημάνει αν θέλεις σχέση ή φάση'
'Όλα αυτά που περιγράφεις μπορεί να ζήσεις με ένα one night stand'
'Αν η χημεία είναι σωστή &colon;Ρ'
'Σε καταλαβαίνω'
'Χαχαχα'
'Δυστυχώς δεν τα πήγα καλά στις εξετάσεις μου'
'Στο σχολείο'
'Δεν νομίζω να έχει αλλάξει κάτι'
'Χαχαχα'
'Όχι όχι'
'Δεν ήτανε'
'Και στην Αθήνα που μένεις;'
'Εγώ Βούλα'
'Μακριά είμαστε &colon;&lpar;'
'Ευχαριστώ πολύ'
'Και εσύ ωραίο χαμόγελο έχεις'
'Αυτό με τράβηξε'
'Σου λέει τέτοια η μάνα σου; Ωχ ωχ'
'Πρώτη φορά ακούω για μάνα να μην θεωρεί τον γιο της το πιο όμορφο πλάσμα στη γη'
'Χαχαχαχα'
'IG έχεις;'
'Γεια σου Κωνσταντίνε &colon;&rpar;'
'Καλημέρα Αντώνη &colon;&rpar;'
'Αθηναίος;'
'Γεια σου Ευάγγελε &colon;&rpar;'
'Χαχα ναι καλά είμαι'
'Εσύ;'
'Βούλα!'
'Εσένα;'
'Είχες πολύ δουλειά αυτήν την εβδομάδα;'
'*αλλά αυτή τη στιγμή είμαι Σκόπελο'
'Διακοπές'
'Ναι χαχα'
'Η μάνα μου είναι από το Somerset'
'Εσύ Αθηναίος;'
'Ωω'
'Εντυπώσεις;'
'Haha ισχύει'
'Δουλεύω για μια δισκογραφική εταιρία'
'Και προσπαθώ να ασχοληθώ με την μουσική'
'Όχι ως μουσικός'
'Αλλά ως DJ'
'Δεν μου είπες για τη δική σου δουλειά! Πάνω σε τι επικεντρώνεται η έρευνα που κάνετε;'
'I have lots of questions αλλά και αυτες λέω να τις κρατήσω για από κοντά'
'Έχω ναι'
'Δεν κατάλαβα τι εννοείς στο πρώτο που είπες! Σοζ'
'Καλώς'
'Έχω και γω να κάνω δουλίτσα'
'Σε έκανα accept'
'Ζεις Γερμανία;'
'Ααα χαχα οκ'
'Που μένεις τότε;'
'Chef ε; Τι κουζίνα;'
'A μάλιστα'
'Δεν χρησιμοποιείς αυτή την εφαρμογή πολυ ε;'
'Γεια σου thod'
'Καλησπέρα Γιώργο &colon;&rpar;'
'Τι κάνεις;'
'Καλημέρα Ivan &colon;&rpar;'
'Μπορεί να είναι αλλά εγώ πάντως το βρίσκω πολύ sexy 😜'
'Με τι ασχολείσαι;'
'Με τι ασχολείσαι στο Παρίσι;'
'Εγώ σπούδασα πολιτικές επιστήμες'
'Και τώρα δουλεύω σε μια δισκογραφική'
'Γαλλικά μιλας;'
'Α κατάλαβα - σαρεσει πολύ φαντάζομαι το Παρίσι;'
'Ναι έχω πάει'
'Και εμένα μαρεσει πολύ'
'Αλλά ξενέρωσα λίγο με τις τιμές'
'Γιατί τα βρήκα όλα πανάκριβα'
'Ποιο πολύ κακ από το Λονδίνο'
'Και*'
'Ωραία μάτια έχεις'
'Ψαχνεις για;'
'Κ γω'
'Σε πια περιοχή μένεις;'
'Ναι εδώ υπέθεσα ότι μένεις..'
'Καλησπέρα Αλέξανδρε &colon;&rpar;'
'Γεια σου Φάνη &colon;&rpar;'
'Καλημέρα &colon;&rpar;'
'Δε κοιμήθηκα καθόλου καλά εχθές'
'Και είμαι λιωμααα'
'Παίρνω καφέ τώρα πριν πάω δουλειά'
'Εσύ;'
'Τι κάνεις; Σε βρίσκω σε νησί ή Αθήνα;'
'Ωωωωω'
'Εγώ έχω 2 εβδομάδες ακόμα και μετά πάω Σκόπελο'
'Θα πας πουθενά εσύ;'
'Για που;'
'Έχεις πολύ ωραίο χαμόγελο'
'Γεια σου Δημήτρη &colon;&rpar;'
'Καλά είμαι εσύ;'
'Εεεε'
'Αυτή τη στιγμή είμαι στο ΕΦΚΑ και προσπαθώ να βγάλω αριθμό μητρώου....'
'Οπότε καταλαβαίνεις τι περνάω'
'Οπότε καταλαβαίνεις τι περνάω'
'Dude αυτό έλεγα εγώ'
'Πωωωω'
'Στην Ελλάδα έχουμε ΙΚΑ, ΕΦΚΑ, ΑΜΚΑ, ΑΦΜ, ΑΜΑ'
'Τεσπα'
'Έχουμε θαλασσα, καλό φαγητό και ωραίους άνδρες εδώ'
'Η κάθε χώρα έχει τα pros and cons της 😂'
'Εσύ τι σχέση έχεις με UK?'
'Σε πια περιοχή μένεις;'
'Εγώ ήμουν στο Bristol δούλευα σε πρακτορείο διαφήμισης αλλά τον Μάρτιο έχασα την δουλειά μου λόγω του ιού'
'Και αποφάσισα να επιστρέψω'
'Α κουλ! Εγώ είμαι Βούλα'
'Ναι βασικά μόλις τώρα άρχισα μια καινούργια δουλειά'
'Σε δισκογραφική εταιρεία'
'Ως πρακτηκάριος αρχικά αλλά ελπίζω να με πάρουν μόνιμα τον Οκτώβριο'
'Εσύ με τι ασχολείσαι;'
'Αχ σορρυ που άργησα να απαντήσω'
'Είχα τρεξήματα όλη μέρα'
'Σε ξένους διδάσκεις;'
'Σορρυ είχα κοιμηθεί'
'Είχα συνηθίσει το να κοιμάμαι 2-3 κάθε βράδυ'
'Χρειάζεται χρόνο ο οργανισμός να προσαρμοστεί στις νέες συνθήκες &colon;Ρ'
'Εσύ τι κάνεις αυτές τις μέρες'
'Μήπως έχεις και ινστα;'
'Χαχα και γω το ίδιο'
'Καλά είμαι ! Απολαμβάνω το slow morning μου'
'Εσύ;'
'Με τι ασχολείσαι;'
'Με τι ασχολείσαι;'
'καλησπέρα handsome &colon;&rpar; '
'Έχουμε ξαναμιλήσει νομίζω'
'Χαχα καλά εδωω'
'Απολαμβάνω τον καιρό &colon;&rpar;'
'Που μένεις;'
'Στη Βούλα'
'Αχ μακάρι να μπορούσα να σου στείλω φωτό χαχα'
'Δεν μπορείς στο τιντερ'
'Είμαι στη παραλία'
'Και μόλις σκεφτόμουν ότι είναι τόσο ωραία τώρα που έχει αέρα &colon;Ρ'
'Σε έκανα add ;&rpar;'
'Καλησπέρα tofi &colon;&rpar;'
'Καλησπέρα Δημήτρη &colon;&rpar;'
'Μισός Γερμανός;'
'Καλά ήρεμα'
'Πώς και είσαι Αθήνα; Διακοπές;'
'Bravo σου!'
'Με τι ασχολείσαι άραγε;'
'Τραπεζίτης;'
'Καλημέρα &sol; σπερα Νίκο &colon;&rpar;'
'Μου αρέσει η συλλογή μουσικής που έχεις &colon;Ρ'
'Με τι ασχολείσαι;'
'Εγώ δούλευα σε πρακτορείο διαφήμισης στην Αγγλία, αλλά έχασα την δουλειά μου λόγω του ιού και αποφάσισα να γυρίσω Ελλάδα ✌️'
'Λέω να αλλάξω καριέρα κάπως και να μπω στον χώρο της μουσικής'
'Το δεύτερο ... Κάπως ;&rpar;'
'Όχι απαραίτητα ως διαφημιστής αλλά κάτι τέτοιο - στα παρασκήνια'
'Ως ναυτικός πόσο ήταν η μεγαλύτερη διάρκεια που ήσουν πάνω στο πλοίο;'
'Ναι θα δούμε'
'Ευχαριστώ όμως'
'Δουλεύεις Ελλάδα ή στο εξωτερικό;'
'Καλημέρα Στάθη &colon;&rpar;'
'Με τι ασχολείσαι;'
'Σορρυ που άργησα!'
'Δεν πολυχρησημοποιω την εφαρμογή'
'Εγώ δούλευα για μια διαφημιστική'
'Στην Αγγλία'
'Αλλά γύρισα Ελλάδα τον Μάρτιο'
'Λόγω του ιού'
'Και προσπαθώ να ασχοληθώ με την μουσική εδώ'
'Δεν είμαι μουσικός χαχα'
'Αλλά θέλω να ασχοληθώ με events&sol;management'
'Ίσως και ως dj &colon;p'
'Βλέπουμε'
'Εσύ τι ψάχνεις εδώ;'
'Κι γω το ίδιο 😜'
'Από ποια περιοχή είσαι;'
'Βουλα'
'Γεια σου Πάνο &colon;&rpar;'
'Γεια σου Δημήτρη &colon;&rpar;'
'Φοιτητής; Ή δουλεύεις;'
'Οκ...και τι ψάχνεις εδώ;'
'Το όνομά σου;'
'Καλημέρα &colon;&rpar;'
'Κάτι μου λέει ότι δεν είσαι ούτε εσύ 100% Έλληνας;'
'Καλημέρα &colon;&rpar;'
'Άλλος Έλληνας με γαλάζια μάτια;; Απίστευτο!'
'Yes αλλά εσύ είσαι πιο μοναδικός γιατί είσαι 100% Έλληνας &lpar;φαντάζομαι&rpar;'
'Με τι ασχολείσαι Δημήτρη;'
'Συγχαρητήρια για το μάστερς λοιπόν! Ξεκινάς Σεπτέμβρη φαντάζομαι;'
'Εγώ βασικά έχω παρόμοιο background haha'
'Τελείωσα πολιτικές επιστήμες Αγγλία'
'Και ύστερα δούλεψα σε δύο διαφημιστικές'
'Αα κατάλαβα'
'Χαχα θανκς'
'Τον Μάρτιο όμως εχασα την δουλειά μου λόγω του ιού'
'Οπότε αποφάσισα να γυρίσω Ελλάδα'
'Όχι να πω την αλήθεια είναι και εγώ χαρούμενος'
'Δεν μου άρεσε η δουλειά μου πολύ'
'Και είχα ξενερώσει με την φάση στην Αγγλία γενικά'
'Που και που ναι'
'Πιο παλια ασχολιομουν περισσότερο'
'Εσύ έχεις κάποιο χόμπυ;'
'Τι είδος;'
'Προσπαθώ να κάνω αλλαγή καριέρας'
'Από τη διαφήμιση στην μουσική'
'Αλλά αποδεικνύεται κάπως δύσκολο χαχα'
'Ειδικά στη περίοδο που βρισκόμαστε'
'Δεν είναι μουσικός αλλά με ενδιαφέρει πολύ ο χώρος'
'Εσένα το μάστερς σου πάνω σε τι θέμα θα είναι;'
'Αυτό θέλει προσπάθεια'
'Νιώθω ότι πολλοί άνθρωποι παραπονούνται γιατί δεν πραγματοποιείτε κάτι που θέλουν'
'Αλλά δεν το προσπαθούν και πολύ'
'Βάζω και τον εαυτό μου μέσα σε αυτούς χαχα'
'Στη Βούλα μένω'
'εσύ;'
'ήμουν εχθές στα μέρη σου 😛 '
'γινότανε κάτι στη πλατεία '
'live μουσική'
'μου έκανε εντύπωση πάντως '
'την τελευταία φορά που ήμουν εκεί ήταν σκοτεινά '
'υπήρχαν shady τύποι σε κάθε γωνία '
'τοξικομανείς κάθε 5 μέτρα'
'δεν ήταν έτσι εχθές'
'κάθε 20 μέτρα ήτανε 😛'
'και υπήρχε φως '
'και κόσμο νέο '
'δεν ξέρω αν σε ρώτησα τι έψαχνες γενικά εδώ;'
'το ίδιο '
'αλλά μου έχουν πει το ίδιο πράγμα 5 άλλοι που και με αυτούς έκανα καλή συζήτηση - οι οποίο όμως με ghostαραν μόλις τους ζήτησα να βγούμε για κα΄φε'
'5 πακέτα τέτοια έχω φάει τις τελευταίες 2 εβδομάδες οπότε απλώς θέλω να το ξεκαθαρίσω μαζί σου χαχα'
'άμα πούμε να βγούμε και τελικά δεν ψηθείς απλά πες το'
'κουλ'
'Τι Nikon έχεις;'
'Και εγώ ασχολούμαι που και που με τη φωτογραφία - πιο πολύ παλιά αλλά τεσπα 😛'
'Έχω canon όμως 😜'
'Το bio φαντάζομαι δεν έχει ανανεωθεί από τότε που ήσουν Αγγλία; &colon;P'
'Από Βούλα εγώ &colon;&rpar;'
'Καλησπέρα &colon;&rpar;'
'Γεια σου!'
'Καλησπέρα &colon;&rpar;'
'Τι σπούδασες Λονδίνο;'
'Με τι ασχολείσαι ;'
'Εγώ δούλευα στο χώρο της διαφήμισης'
'Αγγλία'
'Αλλά έχασα την δουλειά μου λόγω του ιού και αποφάσισα να γυρίσω Ελλάδα χαχα'
'Thanks αλλά δεν μου άρεσε και πολύ'
'Οπότε είμαι λίγο χαρούμενος χαχα'
'Αμέ'
'Και που μένεις;'
'Α κομπλέ'
'Εγώ είμαι Βούλα'
'Χαχα'
'Και θα μένω μόνος μου από την Πέμπτη που θα πάνε στο εξοχικό οι γονείς'
'Αα Πέμπτη λίγο δύσκολο για μένα'
'Το πσκ;'
'Οκ κουλ'
'Έτσι γρήγορα να συναντηθούμε; Κι αν δεν έχουμε τίποτα κοινό εκτός ότι γουστάρουμε ο ένας τον άλλον εμφανισιακά; 😂'
'Τι διάβασα &colon;Ρ'
'Και εγώ είμαι τοπ'
'Χαχα όχι δεν έχεις και άδικο'
'Είναι σημαντικό αυτό &colon;Ρ'
'Εμ'
'Ιδανικά'
'Θα ήθελα κάτι σταθερό με έναν έξυπνο μη-ψηχάκακιας'
'Αλλά γουστάρω και ξεκαυλώματα'
'Χεχε'
'Α είσαι των ωροσκοπιων;'
'Χαχα εγώ είμαι παρθενος'
'.. στο ωροσκόπιο'
'Χαχα'
'Μαλισταα'
'Και τι μουσική ακούς;'
'Χαχα τι είδους ξένα;'
'Διαφέρει πολύ από το linkn park που έχεις βάλει ως ανθεμ σου &colon;Ρ'
'Γεια σου Γιώργο &colon;&rpar;'
'Καλά είμαι! Ετοιμάζομαι να έρθω Αθήνα την Πέμπτη &colon;&rpar;'
'Εσύ;'
'&colon;&rpar; με το ασχολείσαι;'
'Τι*'
'Oh cool! Και εγώ έκανα μάρκετινγκ - τωρα είμαι στον τομέα της διαφήμισης'
'Αλλά θα μου πεις πως πάνω κάτω είναι ότι ίδιο πράγμα'
'Χαχα'
'Το*'
'Για ένα πρακτορείο που λέγεται McCann στην Αγγλία'
'Από πια περιοχή είσαι;'
'Υπάρχει και το κέντρο...'
'Γεια στο Γιώργο!'
'Είμαι Αθήνα &colon;&rpar;'
'Θα ήθελες να πάμε για κανά καφέ&sol;ποτό;'
'Καλησπέρα 🖐️'
'Haha όχι ρε αλλά δείχνει ότι σπουδάσες σε ιταλικό πανεπιστήμιο'
'Οπότε δεν ήμουν σίγουρος'
'E το μόνιμο δεν το ξέρω'
'Προς το παρόν εδώ είμαι χαχα'
'Xμμ θέλω να ασχοληθώ με την μουσική'
'Οπότε ψάχνω διάφορες ευκαιρίες που έχουν σχέση μ&apos;αυτό'
'Και απολαμβάνω φυσικά τον όμορφο καιρό που μου στερήθηκε όσο ζούσα Αγγλία'
'Εσύ με τι ασχολείσαι;'
'γεια σου Κώστα &colon;&rpar; '
'Καλά είμαι γενικά'
'Πολύ βαρεμάρα σήμερα όμως'
'Με τι ασχολείσαι;'
'Τι μουσική;;'
'Και εγώ προσπαθώ να κάνω mixes&sol;DJ'
'με βάση αυτο που φοράς στην 4η φωτό σου...οδοντίατρος;'
'Καλησπέρα παιδιά &colon;&rpar;'
'Καλησπέρα &colon;&rpar;'
'Θαυμάζω τα γένια σου!'
'Χαχα'
'Και κλαίω λόγω του καιρού'
'Εσύ;'
'Τίποτα απλά είναι ωραία 😆'
'Ο Οιδίποδας είναι απ&apos;τις λίγες τραγωδίες που έχω διαβάσει'
'Είσαι στο τελευταίο έτος σχολής;'
'Οιδίποδα ναι'
'Όχι επί Κολωνώ'
'Σορρυ που απαντάω αργά! Ήμουν Αίγινα διακοπουλες χαχα'
'Εγωωω δούλευα σε πρακτορείο διαφήμισης στην Αγγλία'
'Σπούδασα πολιτικές επιστήμες εκεί'
'Αλλά έχασα την δουλειά μου λόγω covid οπότε αποφάσισα να γυρίσω'
'Οοοh...'
'Πώς τα περνάς'
'Να βρεθώ με κάποιον'
'Χαχα'
'Καλά είμαι'
'Προσπαθώ να μάθω την κιθάρα αλλά φαιλαρω'
'Εσύ;'
'Ναι χαχα'
'Με τι ασχολείσαι;'
'Δουλεύεις ως ελεύθερος επαγγελματίας'
'Ή σε εταιρία;'
'Εγώ δούλευα σε ένα πρακτορείο διαφήμισης στην Αγγλία'
'Αλλά λόγω του ιού έχασα την δουλειά μου'
'Και αποφάσισα να γυρίσω Ελλάδα μέχρι να περάσει το κακό &colon;Ρ'
'Χμμμ λέω να πάω Λονδίνο μετά το καλοκαίρι'
'Αλλά βλέπουμε'
'Εντάξει η αλήθεια είναι ότι δεν μου άρεσε τόσο η δουλειά μου και με αφήσανε με τρεις μήνες μισθό'
'Οπότε μου βγήκε σε καλό'
'Και σε πια περιοχή μένεις;'
'Επίσης ήθελα να σου πω πως έχεις πολύ ωραίο όνομα &colon;&rpar;'
'Χαχαχα'
'Εγώ μένω Βούλα'
'Ναι είναι'
'Χαίρομαι που μένω κοντά στη θάλασσα'
'Ειδικά σε τέτοιους καιρούς'
'Σίγουρα έχει και τα θετικά'
'Μένεις με γονείς κλπ;'
'Και πως είναι η δουλειά ενός διακομιστή στην Αθήνα το 2020 δηλαδή;'
'Αν αφαιρέσουμε τις τωρινές συνθήκες χαχα'
'Το βρίσκεις ότι δουλεύεις σε συγκεκριμένες περιοχές'
'Γενικά ποια είναι η πελατεία σου'
'Φαντάζομαι ότι το παραπάνω που λες να είναι κάπως δύσκολο;'
'Εκτός αν έχεις μαζέψει δικά σου contacts'
'Όχι ρε καθόλου'
'Το βρίσκω και πολύ ενδιαφέρον'
'Γενικά εχω μια εκτίμηση για όσους δουλεύουν στο καλλιτεχνικό χώρο στην Ελλάδα'
'Εγώ προσωπικά ζωγραφίζω'
'Με κάρβουνο και μπογιά'
'Απ&apos; ότι ξέρω και συ στη δουλειά σου αρκετά σχέδια δεν κάνεις;'
'Αα οκ, κατάλαβα'
'Θέλω να γνωρίσω κόσμο αλλά ο πατέρας μου είναι ευπαθής και περιμένω να πάει στο χωριό τον Ιούνιο &lt;.&gt;'
'Εσύ τι φάση είσαι;'
'Αα οκ'
'Καλά είμαι! Φεύγουν οι γονείς αύριο και θα έχω άδειο σπίτι οπότε είμαι πολύ χαρούμενος χαχα'
'Ελπίζω να κρατήσει όλο αυτό και να μην ξαναεπιστρέψουμε σε καραντίνα 😬'
'Εσύ πώς περνάς;'
'Γεια σου Dean &colon;&rpar;'
'Γεια σου &colon;&rpar;'
'Ινσόμνια φάση'
'Εσύ;'
'Εσύ;'
'Yess δυστυχώς'
'Βασικά κάθε φορά που γυρνάω Ελλάδα απλώς το βιολογικό ρολόι μου πάει μπροστά +4 ωρες'
'Εννεοις πόσο θα είμαι Ελλάδα;'
'Χαχαα'
'Δε ξέρω - προς το παρόν εδώ θα ειμαι'
'Και ωσο για τη πρώτη ερώτηση καμιά εβδομάδα &colon;Ρ'
'&colon;Ρ εσύ σπουδάζεις&sol;δουλεύεις;'
'Ωωω'
'Καλός πολίτης λοιπόν!!'
'Εδώ Αθήνα ήσουν;'
'Ωωωωω'
'Άρα βύσμα δεν είχαμε;'
'Και εγώ ήμουν!'
'Πολύτεκνη οικογένεια;'
'Άλλους 4'
'Χεχε'
'Μόλις συνειδητοποίησα ότι έχω γνωρίσει μόνο από ένα άτομο που έχει παραπάνω από 2 αδέλφια'
'Λολ'
'Τώρα ξέρω 2 😊'
'Είσαι ο αριθμός νούμερο...'
'Εγώ ειμαι 5 - ο μικρότερος δηλαδή'
'Χαχαχαχαχα'
'Και που μένεις;'
'Ε νταξ - οι περισσότεροι στην Ελλάδα με γονείς είναι δυστυχώς'
'Και γω με τους δικούς μου είμαι στη Βούλα'
'Αλλά 1η ιουνι φεύγουν στο εξοχικό ευτυχώς'
'Και θα είμαι επιτέλους μόνος μουη'
'Θα ξαναφύγεις;'
'Εσωστρεφής;'
'Χμμ - πάντα υπάρχουν άτομα κατάλληλα, απλώς θέλει χρόνο&sol;κόπο να τους βρεις'
'Εγώ στην Αγγλία δυσκολεύτηκα πολύ να ταυτιστώ με τους Βρετανούς'
'Παρόλο που είμαι μισός Άγγλος'
'Ήταν ανυπόφοροι &colon;Ρ'
'Και γιατί στο τιντερ;'
'Για το Grindr συγκεκριμένα'
'Πολύς κόσμος που δεν είναι out'
'Πρέπει να είχες πολύ καλές φωτογραφίες &colon;Τ'
'Χεχεχεχε'
'Είσαι είσαι'
'Και για πες'
'Πάνω σε το έκανες το μεταπτυχιακό σου;'
'Τι*'
'Εγώ μιλάω μισά μισά'
'Χαχαχααχαχα'
'Δε πειράζει - εγώ μιλάω σπαστά shamelessly πλέων'
'Πλέον* μάλλον'
'Μητρική μου γλώσσα τα αγγλικά - ελληνικά έμαθα στα 11'
'Ποιο;'
'Ααα'
'Χαχαχα'
'Ε νταξ'
'Εσύ θα το κρίνεις αυτό'
'Άμα γνωριστούμε πότε από κοντά'
'Θανκ γιουυ'
'Να φανταστώ έχεις μεγαλύτερους αδερφούς;'
'&lpar;μια θεωρεία είναι ότι όσους γιους κάνει μια γυναίκα τόσο πιο πολύ αυξάνεται η πιθανότητα του να γίνει ο επόμενος γιος ομοφυλόφιλος&rpar;'
'Και οι δικοί σου το ξέρουν &sol; όλα κουλ;'
'Ωχ'
'Δε χρειάζεται να μου μιλήσεις γιαθτο αν δεν θες'
'Μάλιστα'
'Τα αδέρφια σου όμως; Οι αδελφές σου;'
'Σορρυ χαχα'
'Οι δικοί μου όλοι το ξέρουν'
'Νταξ ο πατέρας μου δεν προετοιμάζει το φόρεμά του για το pride κιόλας αλλα...'
'Όλα καλά'
'Και είμαι σε φάση που είναι τελείως στα αρχιδια μου κιολας χαχαχ'
'Άμα δεν δεχτεί ποτέ τον partner μου απλώς δεν θα εχω σχέση μαζί του'
'Είχα προετοιμάσει τον εαυτό μου για τέτοια κατάσταση από τότε που ήμουν 16 οπότε...'
'Εντάξει ήταν σαφώς πιο εύκολο να έχω αυτή την σκεπτική όταν είχα την ανεξαρτησία μου στην Αγγλία'
'Προς το παρόν είμαι άνεργος και μένω με γονείς αλλά δεν θα επικρατήσει πολύ αυτή η φάση 😂'
'Τουλάχιστον έτσι ελπίζω'
'Στην τελευταία φωτό σου...έχεις ωραίο χαμόγελο &colon;&rpar;'
'Σε έκανα followww'
'Είσαι και YouTuber!!'
'I believed you μην ανησυχείς'
'Γενικά βλέπεις κόσμο ή μένεις σπίτι όσο μπορείς;'
'Γιατί obviously?'
'Εγώ δεν το είχα καταλάβει'
'Από τον τρόπο που γράφεις'
'Δεν μπορώ να πω ότι και εγώ πετάω από το σύννεφα αυτές τις μέρες'
'Γενικά η συμβίωση με γονείς δεν μου κάνει καθόλου καλό χαχα'
'Οκ λοιπόν'
'Θα σε ρωτήσω την άλλη εβδομάδα αν θα ήθελες να πάμε για καμιά μπυρίτσα, and you can let me know ;p'
'Οδηγάς ;'
'Όχι - θα έπρεπε να πάρω τώρα αλλά έχω την εντύπωση ότι θα είμαι γτπ οδηγός'
'Απλώς ρώτησα για να σκεφτώ που να συναντιόμασταν'
'Προς το παρόν σε καληνυχτίζω xxx'
'Και γω'
'Πολυ'
'Το δικό σου πιο είναι;'
'Καλημέρα &colon;&rpar;'
'Γιάννης ή Juan? 😆'
'Με τι ασχολείσαι Γιάννη;'
'Δεν την ήξερα αλλά μόλις το googλαρα &colon;Ρ'
'Μεγάλη εταιρία φαίνεται - τι κάνεις γιαυτους'
'Γεια σου Παντελή &colon;&rpar;'
'Πιο είναι το πλάνο σου για τις 4ης μαϊου λοιπόν; &colon;Ρ'
'Τι σπουδάζεις;'
'Νομίζω ότι είχαμε κάνει ματς και στην Αγγλία...'
'Αλλά κάπου αναγνώριζα την πρώτη φωτογραφία που έχεις &colon;Ρ'
'Ναι σπούδαζα και μετά δούλευα σε πρακτορείο διαφήμισης'
'Αλλά έχασα την δουλειά. μου λόγω του ιού και αποφάσισα να επιστρέψω Ελλάδα'
'Βρες κάτι άλλο να κάνεις με την ζωή σου φίλε μου'
'Για χαβαλέ το έχουν οι περισσότεροι φαντάζομαι'
'Εσύ όχι;'
'But I&apos;m not sure when - my dad is ευπαθής και περιμένω να πάει στο χωριό'
'Αρχές ιουνι'
'Γεια σου Δημήτρη &colon;&rpar;'
'Καλημέρα Θανάση 😊'
'καλά!'
' μ&apos;αρέσουν πολύ οι φωτογραφίες του ίνστα που φαίνονται στο προφίλ σου!'
'Mία κάτι μου θυμίζει κιόλας - έχεις πάει στη Σκόπελο;'
'Αααα γι&apos;αυτό μου θύμισε Σκόπελο'
'Έχουν τα ίδια δέντρα κλπ'
'Hehe καλά είμαι - απολαμβάνω την ελευθερία μου'
'Εσύ;'
'Τσάι και καμιά σειρά!'
'Βόλτες κάνω εγώ - Βούλα μένα οπότε καβουρι&sol;Βουλιαγμένη'
'Εσύ σε ποια περιοχή είσαι;'
'Βούλα *μένω'
'Ναι;'
'Χμμ ίσως'
'Θα σε θυμόμουν νομίζω ;P'
'Με τι ασχολείσαι;'
'&colon;&sol; και εγώ δούλευα σε ένα πρακτορείο διαφήμισης στην Αγγλία'
'Έχασα την δουλειά μου τον Μάρτιο και αποφάσισα να γυρίσω Ελλάδα'
'Δεν ξέρω ακριβώς χαχα'
'Θέλω να ασχοληθώ με μουσική λίγο'
'Ίσως κάνω καμιά πρακτική'
'Αλλά πάνω από όλα θέλω να ζήσω ελληνικό καλοκαίρι χαχα'
'Να κάνω καινούργιες γνωριμίες &colon;&rpar;'
'Εσύ έχεις κάποιο σχέδιο;'
'Πηγαίνεις κάπου συγκεκριμένα τα καλοκαίρια;'
'Α οκ - πώς και έτσι;'
'Χαχαχα τι γίνεται με τους Έλληνες γκέι άνδρες και τα γατιά τους;'
'Με όποιον έχω κάνει ματς και μιλάω έχει γατί!!'
'Όχι ότι έχω θέμα αλλά είναι αστεία σύμπτωση &colon;P'
'Ίσως'
'Ήτανε !'
'Αυτή είναι η εμπειρία σου με τους άνδρες λοιπόν; Πολλούς μαλάκες;'
'Ααα'
'Άρα αυτό ψάχνεις γενικά;'
'Χαχα ισχύει'
'Εγώ γνωριμίες ψάχνω'
'Αν και σεξ δεν θα με χάλαγε καθόλου - μένω με γονείς αυτή τη στιγμή και επειδή είναι ευπαθής δεν έχω βρεθεί με κανέναν'
'Όπως μάλλον κατάλαβες δυσκολεύομαι αρκετά &colon;Ρ'
'Ο πατέρας μου έχει ένα σωρό προβλήματα'
'Διαβήτης, καρδιά, είχε καρκίνο'
'Καπνίζει'
'Είναι υπέρβαρος'
'Γενικά έχει θέματα χαχαχα'
'Αλλά he&apos;s ok - τον έχω βάλει και γυμνάζετε πλέον κάθε μέρα'
'Και δεν τον αφήνω να τρώει ότι γουστάρει'
'Αλλά δεν μπορώ να πάρω το ρίσκο'
'Έχουμε εξοχικό στη Σκόπελο οπότε τον Ιούνιο αν με το καλό επιτραπεί θα πάνε εκεί'
'Και θα ελευθερωθώ εγώ 😂'
'Το ελπίζω!'
'Εσύ μένεις μόνος; Είχες καμιά σέξυ Corona story ή αποκλείστηκες;'
'Ναι είμαι τοπ'
'Ewww δεν ήταν καθαροί;'
'Ε νταξ'
'Άμα ήτανε έτσι θα μπορούσες να τον ρωτήσεις γελαστά αν ήθελε καμιά τσίχλα'
'Είμαι κάπως ναι'
'Αλλά όχι φουλ'
'γιατί ρωτάς άραγε'
'Γεια σου &colon;&rpar;'
'έχεις καθόλου βάση την Αθήνα; Λονδίνο;'
'Πώς και μετακόμησες Κύπρο;'
'Καλησπέρα &colon;&rpar;'
'Καλησπέρα Κωνσταντίνε &colon;&rpar;'
'Αγαπημένο θεατρικό έργο;'
'214 km μακριά που ακριβώς; &colon;Ρ'
'Γεια σου Γιώργο &colon;&rpar;'
'Καλησπέρα 🙂'
'Γεια σου Παντελή &colon;&rpar;'
'Γεια σου Νικόλα &colon;&rpar;'
'Γεια σου Δημήτρη &colon;&rpar;'
'Αθηναίος;'
'Σε ποια περιοχή μένεις;'
'Καλημέρα Δημήτρη &colon;&rpar;'
'Μόλις είδα το blog σου απ&apos;ενδιαφέρον - super cool, πότε πήγες Αίγυπτο;'
'Γεια σου Νίκο &colon;&rpar;'
'Γεια σου Γιάννη &colon;&rpar;'
'Full Έλληνας; Ή κάποιος γονιός ξένος;'
'Αα οκ'
'Αλλά μεγάλωσες εδώ;'
'Εγώ μεγάλωσα Dubai'
'Και ύστερα μετακόμισα εδώ όταν ήμουν 11'
'Ωραίους ανθρώπους με τους οποίους μπορώ να βγω όταν τελειώσει όλο αυτό το πράμα'
'Εσύ;'
'Χαχα'
'Πρώτη σου φορά στο τιντερ;'
'Δεν είμαι σε αυτή τη φάση αυτή τη στιγμή όμως δυστυχώς'
'Καλύτερη τύχη θα έχεις μάλλον στο Grindr'
'Ααα'
'Ναι ρε'
'Και μένα με έχουν πιάσει τρέλες τέτοιες αρκετές φορές χαχα'
'Bi θεωρητικά χαχα'
'Γλυφάδα μένω'
'Κουλ'
'Με τι ασχολείσαι;'
'Θα σε ρωταγα και άλλα αλλά μου απαντάς κάπως μονολεκτικά και δεν ξέρω αν έχεις όρεξη για συζητήσεις &colon;Ρ'
'Θα έλεγες ότι είσαι γενικά λακωνικός;'
'Ααα'
'Κατάλαβα'
'Δεν σου λέω που αργείς χαχα'
'Δεν σου λέω που αργείς χαχα'
'Δε ξέρω γιατί σου ήρθε 2 φορές 🤦\u200d♂️'
'Αγγλικά μιλάς άπταιστα;'
'Μάνα&sol;πατέρας - Ποιος είναι από Αγγλία;'
'Χαχα το ίδιο και γω'
'Δεν μου είπες εσύ σε πια περιοχή μένεις'
'Να σου πω κάτι;'
'Αλλά και γω Βούλα μένω'
'Sooo πήγες Saint Lawrence ή εδώ ντόπια;'
'Αλλά πήγα και σχολείο εδώ στη Βούλα ναι'
'Απλώς ρώτησα γιατί μισός Έλληνας&sol;Άγγλος βουλιώτης...the chances of u going to st Lawrence were high'
'Ναι'
'Δε μπορώ να καταλάβω πώς και δεν υπάρχει γυμναστήριο στη Βούλα'
'Εσένα;'
'Ακολουθείς κάποιο πρόγραμμα;'
'Γιατί μου το weightlifting 😂'
'*αρέσει'
'Εσύ γιατί δεν έχεις τίποτα στο bio ;'
'Οκ λοιπόν'
'Ποια είναι τα interests σου;'
'Δηλαδή παγκόσμιοι πόλεμοι κλπ;'
'Έχεις κάποια προτίμηση σε συγκεκριμένη ιστορική περίοδο;'
'Κάποιας χώρας ας πουμε'
'Οκ'
'Τι σπούδασες άραγε;'
'Oh that&apos;s awesome! Και γω σπούδασα πολιτικές επιστήμες'
'Που πήγες πανεπιστήμιο;'
'Σε πιο κολλέγιο;'
'Εγώ πήγα στην Αγγλία - στο Bristol'
'Όπως νιώθεις άνετα ρε'
'Απλώς ήμουν περίεργος'
'Χαχαχα'
'Χμμ οκ'
'Προτιμάς την ζωή στην Ελλάδα από τον εξωτερικό να φανταστώ;'
'...θέλεις να μου πεις γιατί ς'
'Θέλω να πάω πολύ νέα Υόρκη'
'Μένει η αδελφή μου εκεί'
'Instagram έχεις;'
'Username να σε κάνω add?'
'Σε έκανα add'
'Γεια σου Αντρέα'
'Θα σε ρωταγα για τα υπόλοιπα χόμπυ σου που έχεις περιγράψει αλλά μιας και μόλις ξύπνησα what&apos;s your go-to breakfast meal?'
'Αυτό με το νερό είναι πολύ σημαντικό'
'Αλλά δε το κάνω 😂'
'I&apos;m bad at making things a habit - αυτή είναι η μαλακία χαχα'
'Αλλά ναι - πειθαρχία'
'Και το φαγητό σου ακούγεται ωραίο - είσαι χορτοφάγος;'
'Εννοείς να βάζω reminder?'
'Ααα είσαι και οργανωμένος δηλαδή'
'Χαχα'
'Πάλι σε αντίθεση με μένα 😂'
'Αααα'
'Ε νταξ όταν δούλευα είχα πιο γερό πρόγραμμα σαφώς'
'Α ναι; έγινε τεράστιο self-improvement?'
'Bravo σου - το εννοω'
'Ξέρω πως νιώθει το να μην ξέρεις τι να κάνεις με τον εαυτό σου'
'Απλώς δεν ξέρω από πού να αρχίσω χαχα'
'Τι σου τραβάει το ενδιαφέρον να μάθεις;'
'Χαχαχα'
'Γουστάρεις πολύ τα GIFs e?'
'Το κατάλαβα'
'Χαχαχα'
'Σπούδασα πολιτικές επιστήμες Αγγλία και ύστερα δούλεψα σε πρακτορεία διαφήμισης'
'Με απολύσανε λόγω του ιού'
'Και αντί να κάτσω εκεί αποφάσισα να γυρίσω'
'Δεν μου άρεσε ιδιαίτερα η δουλειά μου'
'Και δεν ήθελα να συνεχίσω στον χώρο της διαφήμισης'
'Οπότε δεν με χάλασε τελείως η απόφασή τους'
'Μου δώσανε και το μισθό για τους επόμενους 3 μήνες'
'Αλλά ναι η Αγγλία δεν είναι ο παράδεισος που την απεικονίζουν πολλοί Έλληνες'
'Έχει και τις δυσκολίες της'
'Η κουλτούρα τους είναι σάπια'
'Ο κόσμος είναι πανάσχημος'
'Ο καιρός και το φαγητό είναι γτπ'
'Είχα ψηλοσυχαθει'
'E νταξ'
'Το καταλαβαίνω'
'Άμα είσαι εδώ καιρό'
'Απλώς απαντούσα στο what&apos;s wrong with you που μου είπες αχα'
'Έχεις σπουδάσει;'
'Βούλα - εσύ;'
'Γέρασε λέει'
'Χαχαχαχα'
'Απαράδεκτος'
'Εδώ θα σπουδάσεις;'
'Για;'
'Εγώ περνώ καλά εδώ που είμαι οπότε λέω όχι'
'Θα προτιμούσα εδώ προς το παρόν'
'Ναι χορεύω'
'Φωτογράφιζα επίσης και γω παλιά!'
'Αλλά το σταμάτησα πριν πάω για σπουδές'
'Που έβγαινες συνήθως στην Αθήνα;'
'Πορτραίτα βγάζω'
'Και γωωωω δεν είμαι πάρτυ ανιμαλ'
'Έχω καιρό να ζήσω Ελλάδα οπότε δεν μπορώ να πω πως βγαίνω σε συγκεκριμένα μέρη'
'Όταν ήμουν έφηβος Γλυφάδα έβγαινα 😂'
'Αλλά το κέντρο ωραίο είναι'
'Θησείο'
'Μοναστηράκι'
'Γεια σου Τίμο &colon;&rpar;'
'Πιο είναι το αγαπημένο σου γλυκό να φτιάχνεις;'
'&quot;Ήθελα να ήξερα πόση ανασφάλεια κρυψατε πίσω από το six pack&quot; - A MOOD'
'Τι σπουδάζεις Γιώργο;'
'Είσαι στο τελευταίο έτος;'
'Εγώ σπούδασα πολιτικές επιστήμες Αγγλία'
'Και ύστερα δούλεψα σε πρακτορεία διαφήμισης'
'Αλλά πρόσφατα έχασα την δουλειά μου λόγω κορονοιού και αποφάσισα να γυρίσω Ελλάδα'
'Ε νταξ'
'Δεν το κάνανε γιατί θέλανε'
'Απλά επειδή χάσαμε πελατεία λόγω του ιού'
'Έπρεπε να κάνουν κάποιος αντίστοιχες &quot;αλλαγές&quot;'
'Κάποιες*'
'Εμμμ δεν ξέρω'
'Λέω να μετακομίσω Λονδίνο μετά το καλοκαίρι'
'Προς το παρόν είμαι εδώ &colon;&rpar;'
'Τα δικά σου πλάνα;'
'Οh interesting! Μιλάς Γερμανικά;'
'Και ναι φήμες λένε πως η Ελλάδα σιγά σιγά βελτιώνεται από αυτήν την άποψη'
'Ναι οι Γερμανοί ξέρουν τι κάνουν γενικά χαχα'
'Ο πρώην μου ήταν Γερμανός - they&apos;re an interesting people'
'Και είσαι στο deree e?'
'Η μάνα μου είναι καθηγήτρια εκεί!'
'Χαχαχαχα'
'Είναι δύσκολος χαρακτήρας'
'Χαχαχαχα'
'Κατάλαβα'
'Σε ποια περιοχή μένεις;'
'Βούλα'
'Χαχαχα'
'Σκατα'
'Μην πας'
'Χαχαχα'
'Εντάξει χάρηκα που πήγα ως φοιτητής'
'Συγκεκριμένα στο Bristol'
'Αλλά δεν θα μπορούσα να μείνω μακροχρόνια εκεί'
'Δεν μπορώ να ταυτιστώ με τους Άγγλους πολύ'
'Από άποψη κουλτούρας'
'Όχι ότι οι Έλληνες είναι και πολύ άνω αλλά νομίζω ότι συμπαθώ τους Έλληνες πιο πολύ &colon;Ρ'
'Άσε που είναι και πολύ άσχημος λαός οι Άγγλοι'
'Πωω'
'Οι άντρες ειδικά'
'Δεν βλέπονται'
'Νοπ'
'Καθόλου'
'Και τα δύο 😂'
'Χαχαχαχαχ'
'Ναι οι Γερμανοί είναι ωραίοι'
'Πολύ'
'Χμμ'
'Πες μου πως είναι το gay dating στην Αθήνα'
'Εσύ δεν είσαι out δηλαδή;'
'Εννοείς ότι το ξέρουν ή δεν νομίζεις ότι θα σε υποδεχτούν;'
'Οι φίλοι σου'
'Αποδεχτούν*'
'Εγώ είμαι out - ευτυχώς όλοι ήταν κομπλέ'
'Χαχαχαχαχα'
'Στη Ελλάδα;'
'Χαχαχα'
'Ναι κάτι έχω μάθει'
'&lt;.&gt; It&apos;s so annoying - κανονικά θα σε ρωταγα αν ήθελες να πάμε για καφέ&sol;ποτό'
'Λολ'
'Είχες άραγε ποτέ την μάνα μου ως καθηγήτρια;'
'Yeahh well οι συμμαθητές σου μάλλον περιμένουν τσάμπα 20αρια χωρίς καμία προσπάθεια'
'Ειδικά αν πληρώνουν για τη σχολή'
'Φαντάζομαι ότι πολλοί assume ότι δεν χρειάζεται να κάνουν τίποτα εφόσον δίνουν λεφτά'
'Αλλά anyway'
'Για πες λοιπόν'
'Πες ότι δεν ήμασταν σε εποχή πανδημίας'
'Και ήταν να βρεθούμε'
'Που θα πρότεινες να βγαίναμε'
'Πιο συγκεκριμένα;'
'Δυστυχώς όχι'
'Κηφισιά;;;'
'Από Βούλα; Χαχαχαχα'
'Χμμ'
'Εγώ θα έλεγα για καφέ σε ένα μαγαζί που έχω στο νου'
'Δεν θυμάμαι το όνομα'
'Είναι Μοναστηράκι όμως'
'Και ίσως μια βόλτα Θησείο και μετά βραχάκια'
'Αλλά κάπου ήσυχα'
'Έχεις δίκιο - η απομόνωση με έχει τρελάνει 😂'
'Εμμμ'
'Ζωγραφίζω'
'Γράφω'
'Εσύ;'
'Χαχαχαχα'
'Παραγωγικά 👍🏼'
'Ωωω'
'Έσβησα ινστα'
'Αλλά εχω φβ'
'Ναι αν θες &colon;&rpar;'
'Aww that&apos;s so sweet &colon;&rpar; και μένα μου λείπει το χωριό μου στη Σκόπελο'
'Με το καλό θα μπορούμε να πάμε όταν τελειώσει όλο αυτό το χάος'
'Έμενα στο Bristol - εκεί σπούδασα και ύστερα έκατσα να δουλέψω'
'Περίπου 5 χρόνια'
'Αλλά λόγω κορονοιού έχασα τη δουλειά μου και γύρισα Ελλάδα. Έχω σκοπό να πάω Λονδίνο αλλά δεν ξέρω πότε'
'Οπότε προς το παρόν είμαι εδώ &colon;&rpar;'
'Η δική σου ιστορία πια είναι;'
'αλλα προσωπικά nowhere like skopelos hehe! φαντάζομαι ότι όλοι νιώθουμε έτσι για τα αντίστοιχα νησιά μας'
'αα κατάλαβα '
'btw έχεις πολύ ωραίο όνομα 🙂'
'έμπνευση χαχα'
'βασικά '
'ήθελαν ένα όνομα το οποίο δεν άλλαζε είτε στα ελληνικά είτε στα αγγλικά '
'δεν ήθελαν να μπερδεύονται οι ξένοι συγγενείς με ένα όνομα που άλλαζε π.χ. Στέφανος - Στέφανε - Στέφανο '
' &quot;εφαρμογή στα μνημεία&quot; - για πες;'
'εκτός αν βαριέσαι που και αυτό το καταλαβαίνω χαχα'
'E εντάξει η μητέρα μου είναι αγγλίδα οπότε ήθελαν κάτι απλό για αυτήν την πλευρά της οικογένειας'
'Ο αδελφός μου λέγεται Σωτήρης &lpar;από τον παππού&rpar; και δυσκολεύεται όλη του η ζωή με ανθρώπους που δεν ξέρουν να προφέρουν το όνομά του χαχα'
'ζει αγγλία και αυτός'
'καλά όταν κλείνω τραπέζι στο εξωτερικό ή μου ζητάνε το όμνομα στα μαγαζιά απλώς λέω ότι λέγομαι John smith να τελειώνουμε '
'χαχαχα'
'Χαχα your joke made me smile οπότε το πέτυχες &colon;Ρ'
'Εμμ έτσι και έτσι - έχει το δικό του γυμναστήριο και αναγκάστηκε να το κλείσει εχθές'
'Θα δούμε πόσο θα κρατήσει όλο αυτό το πράγμα'
'Και δε πειράζει για την εφαρμογή - θα σου ζητούσα το Instagram αλλά δεν έχω 😂'
'Χαχαχαχα'
'Όχι βρεε'
'Φαίνεσαι πολύ γλυκός'
'Ο αριθμός μου είναι 00447519471784'
'Υπό κανονικές συνθήκες θα σου έλεγα να βγαίναμε για καφέ&sol;ποτό 😔'
'Χαχα'
'Δύσκολη ερώτηση πλέον'
'Θα πω πως είναι καλά - κανένας άρρωστος προς το παρόν οπότε all good'
'Εσύ;'
'Με τι ασχολείσαι;'
'Εγώ δούλευα σε πρακτορείο διαφήμισης'
'Μάλλον μετά το καλοκαίρι όμως'
'Εσύ σπούδασες Αγγλία ε;'
'Αα οκ'
'Καλά μη λες και δυστυχώς χαχα'
'Η Αγγλία δεν είναι τόσο καλύτερη από την Ελλάδα για σπουδές 😛'
'Ναι'
'Μένω με τους γονείς μου στη Βούλα'
'Καλησπέρα 🙂 '
'Εδώ προσπαθώ να τακτοποιήσω την ζωή μου'
'Χαχαχα'
'Εσύ;'
'Χαχαχαχα'
'Δυστυχώς δεν έχω'
'Είμαι στη διαδικασία τα τελευταία 3 χρόνια!'
'Καλησπέρα Νικόλα &colon;&rpar;'
'Και εγώ ζωγραφίζω!'
'Και μένα με ενδιαφέρει η κοινωνιολογία! Χαχαχα'
'Τι χορεύεις, τι ζωγραφίζεις;'
'Ήθελα να κάνω μάστερς social anthropology'
'Και μετά συνειδητοποίησα ότι δεν έχω τα λεφτά να ξαναγίνω φοιτητής 😂'
'Εγώ ζωγραφίζω πορτραίτα'
'Με μολύβι ή μπογιά'
'Καιιι χορεύω χιπ χοπ'
'Ναι - ε αυτή είναι η βάση της τέχνης'
'Είναι ο καλύτερος τρόπος να εξασκηθεί κανείς'
'Στην Αγγλία'
'Εσύ;'
'Δούλευα για ένα διαφημιστικό πρακτορείο στην Αγγλία'
'Εμένα σε μια πόλη που λέγεται Μπρίστολ - εκεί σπούδασα επίσης'
'Εσύ δουλεύεις&sol;σπουδάζεις;'
'Γύρισα γιατί έχασα την δουλειά λόγο του κορονοιου επίσης'
'Και είπα να περάσω τους επόμενους μήνες εδώ αντί να είμαι στη μουντίλα της Αγγλίας, άνεργος και αβέβαιος για το μέλλον'
'Ναι χάσαμε 20% του business'
'Και γι&apos;αυτό δεν μπορούσαν να μας κρατήσουν όλους'
'Το περίμενα να σου πω την αλήθεια'
'Μας είχαν πει ότι θα άφηναν κόσμο πριν από 2.5 εβδομάδες'
'Μένεις με γονείς;'
'Τι είδους εβεντ;'
'Πολλά ταλέντα λοιπόν?'
'Τι μπάντα;'
'Τι μουσική ακούς γενικά;'
'Μιλάς καμία γλώσσα από αυτές ή απλά γουστάρεις τους ήχους;'
'Ποια είναι η διαφορά μεταξύ το folk pop και το pop?'
'Το φολκ ποπ είναι πιο indie?'
'Α τους ξέρω!'
'Έχω πολυυυυ καιρό να τους ακούσω'
'Άκουγα παλιά γενικά indie rock και είχα ακούσει 1-2 τραγούδια τους'
'Αλλά δεν τους θυμόμουν - τους έψαξα τώρα στο Spotify'
'Νιγηρία&sol;Μάλι&sol; Τζαμάικα'
'Έχεις ακούσει fela kuti?'
'Καλός είναι'
'Να ακούσεις μάλλον kokoroko'
'Είναι πιο σύγχρονοι μπάντα'
'Σύγχρονη*'
'Το δικό μου?'
'Ευχαριστώ!'
'Είναι περίεργο'
'Είσαι από τους πουλ λίγους που φαίνονται να έχουν προσωπικότητα'
'Στο τιντερ'
'Καταρχάς'
'Οι Άγγλοι είναι πανασχημος λαός'
'Και οι άνδρες και οι γυναίκες'
'Αχχ μια φορά έκανα screen video το τιντερ'
'Και το έστειλα σε όλους τους φίλους μου στην Ελλάδα'
'Να δούνε την παρακμή και την ασχήμια'
'Να δω αν το έχω να στο δείξω'
'Το Μπρίστολ είναι πολύ φιλελεύθερη πόλη γενικά'
'Εμμμ'
'Δεν μπορώ να πω ότι έχω βγει για ραντεβού πολλές φορές'
'Ήμουν σε σχέση 2.5 χρόνια και όλας'
'Πολλοί φοιτητές'
'Δεν μπορώ να ταυτιστώ με τους Άγγλους γενικά'
'Δύο διαφορετικές ερωτήσεις &colon;Ρ'
'Στο Λονδίνο όμως είναι αλλη φάση'
'Εκεί της τρελής από κόσμο'
'Από κάθε χώρα'
'Βρίσκεις ότι θες'
'Κάτσε'
'Δεν κατάλαβα τι εννοείς'
'Χαχαχα'
'&quot;Οποίος το είχε μεγαλύτερο &rdquo;δεχότανε&rdquo; τον έρωτα&quot;?'
'Αυτό κατάλαβα αλλά δεν ήμουν σίγουρος χαχαχαχα'
'Χαχαχαχαχα'
'Εγώ χρησιμοποίησα το Grindr αρκετά'
'Συμπεριφορές στο Grindr παραμένουν ίδιες όπου και να είσαι νομίζω'
'Και που μένεις λοιπόν;'
'Δηλαδή;'
'Χαχαχα'
'Έχεις δίκιο'
'Εγώ μένω Βούλα'
'Ναι - 5 λεπτά από την παραλία! Δεν έχω παράπονο'
'Αν δεν βρισκόμασταν σε αυτή τη κατάσταση θα μου άρεσε πολύ να σε γνωρίσω'
'Χαχα να σαι καλα'
'Ναι ισχύει'
'Το σκέφτομαι αυτό κάθε Πρωτοχρονιά βασικά'
'Όταν όλοι λένε ο ένας στον άλλον &quot;καλή χρονιά&quot;'
'Χαχαχα είμαστε μήπως υπεραπαισιόδοξοι ς'
'Αυτό - συμφωνω απολυτα. Εντάξει καταλαβαινω γιατί το λέμε και έχει γίνει μέρος της κουλτούρας μας αλλά ναι... ο κυνισμός μας απλά σημαίνει ότι σκεφτόμαστε κριτικά &colon;P'
'Πάω για ύπνο'
'00447519471784 - αν θέλεις κάνε με add στο WhatsApp - αν και καταλαβαίνω αν προτιμάς να παραμείνει εδώ η συζήτηση'
'Δεν έχω'
'Το έσβησα πριν κάτι εβδομάδες'
'Δεν ξέρω τι εννοείς!'
'Λολ'
'Ααα'
'Οκ χαχαχαχ'
'Τόσο ωραίος και βάζεις το ψάρι ως προφίλ;'
'Όχι ρε δεν χρειάζεται να δικαιολογήσεις!!'
'Καταλαβαίνω και ίσα ίσα το εκτιμώ'
'Γεια σου Βασίλη &colon;&rpar;'
'Ωχ'
'Χαχαχα'
'Τώρα;'
'Χαχα ευχαριστώ &colon;&rpar;'
'Με τι ασχολείσαι Βασίλη;'
'δεν με ελκύουν καθόλου οι άγγλοι '
'είναι γενικά πολύ άσχημοι χαχα'
'Και δεν μπορώ να ταυτίζομαι μαζί τους γενικά  '
'ωχχ'
'περίεργο'
'είπα ότι δεν με ελκύουν οι άγγλοι γενικά '
'δεν μπορώ να ταυτιστώ μαζί τους'
'ναι '
'Έχεις έρθει ποτέ;'
'όχι ακριβώς χαχα'
'γεννήθηκα στο Dubai'
'εκεί μεγάλωσα μέχρι τα 11 '
'και τότε μετακομίσαμε αθήνα '
'εσύ από που κατάγεσαι;'
'χαχα ναι ήτανε να σου πω την αλήθεια '
'εκεί που είχα συμμαθητές από όλο τον κόσμο - ινδία, καναδά, πακιστάν, κίνα '
'ξαφνικά ήρθα σε ένα μέρος όπου όλοι ήταν ομοεθνείς '
'ομοεθνής**'
'αλλά είμαι χαρούμενος που φύγαμε από κει '
'η ελλάδα είναι ωραία χώρα να μεγαλώσει κανείς '
'σπούδασες αθήνα;'
'πωωω'
'χαχαχα'
'όπως κατάλαβες τα ελληνικά δεν είναι η μητρική μου γλώσσα 😛 '
'χαχαχαχαχα'
'σε πια περιοχή μένεις;'
'και πως σου φαίνεται η γοητευτική πρωτεύουσά μας'
'ναι είναι ωραία πόλη '
'μου λείπει '
'Χαχαχα'
'Σε αφήνω τότε'
'Εμμμ'
'Λόγω μισθών'
'Πολύ απλά'
'Και εντάξει αγαπώ την Ελλάδα και μου λείπουν οι Έλληνες αλλά δεν μπορώ να ταυτιστώ ούτε μαζί τους τόσο πολύ'
'Ενώ τους συμπαθώ πιο πολύ από τους Άγγλους σίγουρα'
'Είμαι κάπου ενδιάμεσα χαχα'
'Χαχα κανένα πρόβλημα'
'Είσαι γλυκός'
'Ευχαριστώ πολύ!'
'Ναι - έχασα την δουλειά μου στην Αγγλία'
'Και είπα να περάσω τους επόμενους μήνες εδώ αντί να είμαι στη μουντίλα της Αγγλίας, άνεργος και αβέβαιος για το μέλλον'
'Εσύ πως είσαι;;'
'Γεια σου Κώστα &colon;&rpar;'
'🖐️🖐️ καλησπέρα &colon;&rpar;'
'Καλημέρα Αντώνη &colon;&rpar;'
'Καλά είμαι &colon;&rpar;'
'Εκπλήσσομαι που έκανα ματς με έναν ωραίο Έλληνα στο Bristol !'
'Εσύ τι κάνεις;'
'Άαα καλά κάνεις - και εγώ τον ίδιο στόχο έχω!'
'Οπότε είσαι δάσκαλος;'
'Τι διδάσκεις; Σε εφήβους ή πιο μικρά;'
'Μπράβο πραγματικά'
'Εγώ δουλεύω σε μια διαφημιστική εταιρεία'
'Περίπου 4.5'
'Σπούδασα πολιτικές επιστήμες στο πανεπιστήμιο εδώ'
'Και αποφάσισα να μείνω'
'Εσύ;'
'Ααα μάλιστα!'
'Από πού είσαι στην Ελλάδα;'
'Ήμουν σε σχέση για 2.5 χρόνια οπότε δεν έψαχνα όσο ήμουν φοιτητής'
'Αλλά όντως είμαι στο τιντερ ένα χρόνο + και πρώτη φορά σε πετυχαίνω τώρα'
'Εγώ είμαι από Αθήνα'
'Αλλά γεννήθηκα στο Ντουμπάι'
'Νότια - Βούλα'
'Χαχαχα ναι το καταλαβα'
'Για οργανώσεις δεν ξέρω! Μετακομίσαμε Ελλάδα όταν ήμουν 11'
'Οπότε πατρίδα έχω την Ελλάδα'
'Αααα μάλιστα'
'Ναι έχει αλλάξει πολύ αλλά ναι...δεν έχω πάει πολύ καιρό τώρα'
'Σε πια περιοχή μένεις εδώ;'
'Κοντά στο gallimaufry άμα το ξέρεις'
'Έχεις Instagram&sol;Facebook? Αν δεν θέλεις καταλαβαίνω!'
'Σου έστειλα 😊'
'Καλό βράδυ και καλή ξεκούραση λοιπόν!'
'Γεια σου Σωτήρη &colon;&rpar;'
'Αθηναίος;'
'Αθήνα &colon;Ρ'
'Πόσο καιρό είσαι εδώ;'
'Κοντεύω στα 5 χρόνια'
'Σπούδασα εδώ και μετά έκατσα για δουλειά'
'Ναι'
'Πολιτικές επιστήμες τελείωσα'
'Εσύ που σπούδασες;'
'Σε διαφημιστική εταιρεία'
'Εσύ;'
'Στο Cardiff έτσι;'
'Όχι'
'Να σου πω την αλήθεια δεν εχω ακούσει και τα καλύτερα 😂'
'Εσύ έχεις κατεβεί εδώ;'
'Καταλαβαίνω χαχα'
'Τώρα όμως έχεις και αφορμή ;Ρ'
'Τι μουσική σαρεσει;'
'Εμένα μαρεσει πολύ το reggae'
'Κλπ'
'Δε πειράζει'
'Αρκεί να σαρεσει η μουσική &colon;Ρ'
'Που σπούδασες στην Αμερική;'
'Ε νταξ'
'Και εγώ το ίδιο με την πολιτική &colon;Ρ'
'Όσο το σπούδασα τόσο πιο πολύ τσαντιζόμουνα'
'Ε'
'Πολύ θεωρεία'
'Έλα;'
'Άαα'
'Εγώ είμαι το αντίθετο!'
'Δεν μπορώ τους αριθμούς'
'Δεν το έχω καθόλου χαχαχα'
'Το όνομα σου;'
'Ah ok! Με τι ασχολείσαι David?'
'Xaxa όχι δεν έχει αλλάξει &colon;Ρ'
'Μαγαζί ρούχων;'
'Ωχ'
'Θα γινόμουν τόσο χοντρός αν δούλευα σε τέτοιο μαγαζί'
'Ναι το καταλαβαίνω χαχα'
'Γεια σου Λευτέρη &colon;&rpar;'
'Καλά είμαι &colon;&rpar;'
'Τι λέει το πρόγραμμά σου αυτές τις μέρες'
'Δουλεύεις κάπου;'
'Εγώ είμαι εδώ διακοπές οπότε χαλαρά'
'γειά σου λεο 🙂 '
'Τι είδος χορού κάνεις;'
'Που έμαθες;'
'Ναι!'
'Με χιπ χοπ'
'Πριν χρόοονια'
'Από μικρός'
'Αλλά το άφησα για αρκετό καιρό'
'Και τώρα πρόσφατα το ξαναξεκίνησα'
'Το μπαλέτο είναι καλύτερη βάση αν είσαι επαγγελματίας'
'Οπότε δεν σε κατηγορώ χαχα'
'Ναι φτάνω μεθαύριο &colon;&rpar;'
'Μέχρι τις 31'
'Δυστυχώς όχι πολύ &colon;&lpar;'
'Σε πια περιοχή μένεις;'
'Χορευτηε είσαι άραγε; Ή απλώς ασχολείσαι πολύ;'
'Εγώ δουλεύω σε διαφημιστική εταιρεία'
'Χαχα'
'Ίσως'
'Και πως είναι η ζωή ενός επαγγελματία χορευτή στη σημερινή Ελλάδα;'
'Διδάσκεις;'
'Ααα κατάλαβα'
'Που;'
'Και εγώ σκοπεύω να μετακομίσω Λονδίνο'
'Το φοβάμαι λίγο αλλά θα είναι καλό βήμα!'
'Ε γιατί είναι τόσο τεράστιο'
'Έχει τόσο κόσμο'
'Που εντάξει αυτό με ελκύει και όλας'
'Αλλά ναι...είναι και ακριβό μεν'
'Αλλά έχω πετύχει 2-3 άλλους χορευτές Έλληνες στο τιντερ στο Λονδίνο'
'Οπότε δεν θα είσαι μόνος ;Ρ'
'A ναι;'
'Πώς και έχεις αυτή την ανάγκη;'
'Αν θέλεις να μου πεις...'
'Ούτε και εγώ'
'Τουλάχιστον όχι εδώ στην Αγγλία'
'Δεν μαρεσουν οι Άγγλοι τόσο πολύ'
'Εντάξει το τιντερ δεν είναι ο ιδανικός τρόπος να γνωρίζεις ανθρώπους - φυσικά από κοντά είναι καλύτερα. Αλλά μερικές φορές απλώς είναι πιο βολικό από app'
'Ωχχχ είναι άθλιοι οι Άγγλοι'
'Πολύ άσχημος λαός'
'Δεν θα το καταλάβεις άμα μετακομίσεις Λονδίνο γιατί είναι από όλον τον κόσμο εκεί'
'Αλλά γενικά δεν βλέπονται χαχαχ'
'Ναι...μόνο αγγλικά δεν ακούς στους δρόμους'
'Έτσι λοιπόν - ναι και εγώ δυσκολευτηκα στην Ελλάδα..'
'Αν και έφυγα όταν ήμουν 19-20'
'Οπότε πρόλαβα να ζήσω πιο άνετα από νωρίς'
'Αν και μου λένε ότι τα πράγματα βελτιώνονται στην Ελλάδα; Τουλάχιστον στην Αθήνα...'
'Ναι'
'Καταλαβαίνω'
'Είναι κρίμα που είναι έτσι η εμπειρία σου'
'Ωραίο παιδί φαίνεσαι'
'Κι σου αξίζει η ευτυχία'
'Χαχαχα δεν μας λείπει η αυτοπεποίθηση βλέπω!'
'Σε καταλαβαίνω απολύτως'
'Ούτε εγώ δεν μπορούσα να κρύψω αυτό που ήμουνα μεγαλώνοντας'
'Αλλά μπορώ να πω ότι η Αγγλία με έχει βοηθήσει να ζω πιο ελεύθερα...'
'Όσοι με γνωρίζουν ξέρουν τι είμαι και δεν φοβάμαι την άποψη κανενός...εδώ άμα σε παρενοχλήσει κάνεις υπάρχουν επιπτώσεις'
'Είτε στο χώρο εργασίας η οπουδήποτε - ξεχνώ ότι δεν είναι έτσι στα περισσότερα μέρη του κόσμου'
'Ναι'
'Συμφωνώ'
'Πότε λες να μετακομησεις λοιπόν'
'Ααα έχεις ακόμα!'
'Άκυρο αλλά τι μουσική ακούς;'
'Εγώ το αντίθετο'
'Αλλά έχω μια εκτίμηση για όλα τα είδη μουσικής'
'Που βγαίνεις;'
'Δεν ζω πλέον Αθήνα οπότε δεν ξέρω τα καλά στέκια &colon;P'
'Αλλά ναι γενικά κέντρο'
'Μου αρέσει πολύ και το Χαλάνδρι για ποτό'
'Και Πανόρμου βασικά'
'Είχα μια φίλη που δούλευε σερβιτόρα σε ένα μαγαζί εκεί - Sensimillia'
'Και μου ζητούσε playlist να φτιάχνω για το μαγαζί 😂'
'Ζεις μόνος ή με οικογένεια;'
'Μάλιστα!'
'Θα ήταν ωραίο αν γνωριζόμασταν από κοντά'
'Κέντρο - Χαλάνδρι - Sensimillia - όπου θες 😜'
'Χαχαχα'
'Νο προμπλεμ'
'Ναι'
'Αύριο πλέον'
'Χαχα'
'Ξέρω για ένα gay-friendly bar στο κέντρο που λέγεται shamone'
'Χαχαχα'
'Εκεί;'
'Εκτός αν έχεις κάπου αλλού στο νου'
'Όπως σου είπα δεν ξέρω από μαγαζιά πλέον'
'To rooster επίσης!'
'Χαχα θα το αφήσω σε σένα λοιπόν'
'Πάω για ύπνο! Χάρηκα που τα είπαμε'
'Ο αριθμός μου άμα τον θέλεις 00447519471784 - WhatsApp me &colon;&rpar;'
'Ευχαριστώ!'
'Έφτασα!'
'Γιατί έχει χάλια καιρό; 🙃'
'Αχχ'
'Ελπίζω να καλυτερέψει'
'Τεσπα'
'Ποια είναι τα σχέδιά σου για το σκ;'
'Χμμ'
'Τίποτα για αύριο'
'Ούτε την Κυριακή'
'Θα ήθελες να πάμε για κανά ποτό;'
'Την Κυριακή;'
'Που λες να βρεθούμε'
'Απο τις 8 λέει 😬'
'Hi! Δεν ήμουν σίγουρος ότι ήθελες τελικά 😂'
'Που έλεγες να πάμε'
'Δε πειράζει!'
'Σορρυ σου απαντάω και γω αργά τώρα 🙈'
'Πώς είναι το πρόγραμμά σου αυτές τις μέρες;'
'Γεια σου Κωνσταντίνε &colon;&rpar;'
'Γεια σου Γιώργο &colon;&rpar;'
'oh cool - δεν μένω λονδίνο όμως 😛 '
'Bristol μένω '
'και έρχομαι αθήνα την πέμπτη '
'χαχαχα'
'εδώ θα κάνεις χριστούγεννα δηλαδή;'
'α πως και έτσι; έχεις οικογένεια εδώ;'
'Γεια σου Άγγελε &colon;&rpar;'
'Γεια σου Παναγιώτη &colon;&rpar;'
'Πόσο καίριο είσαι Αγγλία;'
'Oh awesome! Αθηναίος;'
'γεια σου Βασίλη &colon;&rpar; '
'Καλά είμαι!'
'Χαίρομαι που έκανα ματς με έναν ωραίο Έλληνα στην Αγγλία επιτέλους'
'Σπουδάζεις στο Cambridge?'
'Σπούδασα πολιτικές επιστήμες εδώ και τώρα δουλευω σε μάρκετινγκ'
'Όχι Μπρίστολ'
'Ώπα'
'Αθηναίος;'
'Πια περιοχή;'
'Βούλα'
'Και τι κάνεις στο Λονδίνο;'
'Εγω εομαι εδώ περίπου 4 χρόνια'
'Σπούδασα στο Μπρίστολ και ζω ακόμα εδώ'
'Αλλά σκέφτομαι να έρθω Λονδίνο'
'Δεν υπάρχουν τόσα άτομα εδώ - τουλάχιστον όχι του τύπου που με ελκύουν &colon;P'
'Ναι'
'Αλλά σκοπεύω να έρχομαι Λονδίνο πιο πολύ'
'Yeah έχω αλλάξει το location της εφαρμογής'
'Χαχαχαχαχ'
'Συγγνώμη αλλά ο μέσος Άγγλος είμαι άθλιος'
'Είναι*'
'Χαχαχα'
'Θεωρώ τους Έλληνες πολύ πιο ωραίους από τους Άγγλους'
'Και τι κάνεις για τους Ralph Lauren?'
'Παλιά με την φωτογραφία και εγω'
'Αλλά τώρα ζωγραφίζω'
'Και δουλεύω στο marketing για το BMW'
'Ή τέχνη'
'Δεν μου αρέσει πολύ η δουλειά μου'
'Και προσπαθώ να καταλάβω πιο θα είναι το επόμενο βήμα μου'
'Χαχα θα δούμε'
'Πια είναι η καθημερινότητα ενός stylist;'
'Εγώ πιο βαρετά χαχα'
'Μιλάω με clients κάθε φορά που έχουν θέμα'
'Και τους βοηθάω να λύσουν τα προβλήματά τους ωσο αγορά το marketing'
'Haha δεν νομίζω να το κάνω επαγγελματικά'
'Αλλά ίσως'
'Γεια σου Νίκο!'
'Μα είμαι μισός Άγγλος &colon;Ρ'
'Έλληνας*'
'Θέε μου πόσο άσχημοι που είναι οι Άγγλοι'
'Εσύ?'
'Α πώς και έτσι;'
'Μιλάς ελληνικά;'
'Γεια σου Στέλιο! &colon;&rpar;'
'Γεια σου Στέλιο!'
'Καλά είμαι'
'Δεν ξέρω γιατί δεν απάντησα στο αρχικό σου μύνημα'
'Ίσως δεν το είδα'
'Αλλά δυστυχώς δεν είμαι Ελλάδα πλέον !'
'Είχα έρθει για τα Χριστούγεννα όταν κάναμε ματς'
'Εσύ τι κάνεις;'
'Τόσο αργά;'
'Γεια σου Σπύρο!'
'Ελληνικά μιλάς;'
'Χαχα δε σε κατηγορώ'
'Από πού είσαι;'
'Εγώ είμαι μισός Άγγλος μισός Έλληνας'
'Μεγάλωσα Αθήνα'
'Ήρθα να σπουδάσω και εγώ, και αποφάσισα επίσης να μείνω'
'Ζω στο Μπρίστολ'
'Σκοπεύω να έρθω πιο πολύ'
'Πήρα και rail card'
'Χαχα'
'Γιατί δεν υπάρχουν πολλά άτομα εδώ.'
'Έχει γενικά πολλούς άγγλους'
'Και είναι όλοι άσχημοι και πίνουνε τα κέρατά τους'
'Χαχαχα'
'Οπότε ναι βλέπω μπας και έχω  καλύτερη τύχη στο Λονδίνο'
'Δημήτρη κάναμε match την ημέρα που πέταξα για Αγγλία &colon;&lpar;'
'Ναι'
'Ίσως'
'Τι κάνεις στην Αθήνα;'
'Τελείωσα τον Ιούλιο - τώρα δουλεύω'
'Από πια περιοχή είσαι ;'
'Γεια σου &colon;&rpar;'
'Κρυώνω!'
'Εσύ;'
'Πως πέρασες να Χριστούγεννα;'
'Τα*'
'Τα ίδια!'
'Μισός Άγγλος είμαι'
'Ναι'
'Εσύ ποια είναι η καταγωγή σου;'
'Α'
'Ποια περιοχή;'
'Βούλα'
'Χαχα'
'Λίγο μακριά &colon;&lpar;'
'Γεια σου Γιώργο &colon;&rpar;'
'Καλά! Προσπαθώ να βρω κάποιον άξιο εδώ στην Ελλάδα πριν επιστρέψω στην Αγγλία όπου είναι όλοι άθλιοι &colon;Ρ'
'Εσύ;'
'Που σπουδάζεις;'
'Ωχχχ'
'Συλλυπητήρια'
'Χαχαχαχα'
'Απλώς μου φαίνεται στη μέση του πουθενά'
'Πώς περνάς εκει;'
'Ξέρεις μήπως μια Σοφία Βλαβιανού;'
'Εγώ μένω στο Μπρίστολ'
'Δουλεύω σε πρακτορείο μάρκετινγκ'
'Καλά'
'Μου λείπει πάρα πάρα πολύ η Ελλάδα πλέον'
'Συνειδητοποίησα πρόσφατα ότι η Αγγλία δεν είναι για μένα'
'Μακρόχρονα τουλάχιστον'
'Ούτε εγώ άμεσα'
'Λέω Ιταλία η νότια Γαλλία'
'Δεν θες να επιστρέψεις ποτέ Ελλάδα;'
'Μάλιστα κατάλαβα'
'Και εγώ αν επιστρέψω θα δουλεύω από απόσταση για μια αγγλική εταιρεία'
'Ή θα έχω δικό μου business'
'Δε ξέρω'
'Μιλάω τελείως υποθετικά'
'Ναι'
'Χαχα'
'Μήπως έχεις Instagram?'
'Αμέ'
'Γεια σου Γιώργο &colon;&rpar;'
'Καλησπέρα Αλέξανδρε &colon;&rpar;'
'Γεια σου Αντώνη &colon;&rpar;'
'Γεια σου Λευτέρη!'
'Γεια σου Νίκο!'
'Λίγο στρεσσαρισμενος! Μετακομίζω την Δευτέρα σε άλλο σπίτι και δεν είμαι ο πιο οργανωμένος άνθρωπος lol'
'Εσύ τι λέει ;'
'Ήρθα εδώ το 2015 να σπουδάσω'
'Και αποφοίτησα φέτος τον Ιούλιο'
'Τώρα δουλεύω σε πρακτορείο μάρκετινγκ'
'ευχαριστώ για το κομπλιμέντο!'
'Εσύ πως κι είσαι Μπρίστολ;'
'Τι σπουδάζεις;'
'Ναι'
'Καλά είναι για τώρα!'
'Εσύ με το πτυχίο;'
'Τα σαββατοκύριακα ναι έχω χρόνο'
'Που πήγες για το year abroad?'
'Α ωραία'
'Η Ρωσία έχει ωραία ιστορία'
'Αλλά η ομοφοβία και ο εθνικισμός που υπάρχει εκεί έχει αλλάξει πολύ την γνώμη μου για αυτή τη χώρα'
'Μπα; Αλήθεια;'
'Κάποια στιγμή ίσως Νίκο! Μετακομίζω την Δευτέρα και γενικά εχω λιγο στρες αυτόν τον καιρό όπως σου είπα'
'Αλλά αν είναι θα σου πω!'
'Γεια σου &colon;-&rpar;'
'Γεια σου &colon;-&rpar;'
'Παιζεις και συ poi ρεε?'
'Γιες'
'Γεια σου περικλη &colon;-&rpar;'
'Χαχα οκ'
'Η αληθεια ειναι οτι ειναι αρκετα ομοφοβικος'
'Μπαα δε ξερω κατα ποσο ισχυει αυτη η θεωρεια'
'Οχι πολλες'
'Εδυ'
'Εσυ'
'Μαλιστα'
'Πως και ετσι;'
'Πως ειναι ναι εισαι γκει στο ναυτικο;;'
'Α το ξερουν οι αλλοι;'
'Εγω πηγα φανταρος ρε '
'Πεζικο'
'Ποιος ειναι αυτος στη πρωτη φωτογραφια;;'
'Λολ ελληνας ειμαι'
'Θα σε ξενερωσω ομως - δεν ειμαι ελλαδα. Απλως εδω την αγγλια ολοι εδω ειναι ασχημοι και μου λειψαν οι ελληνες &colon;Ρ'
'Οποτε αλλαξα το gps στο κινητο για να δω τι παιζει στην αθηνα χαχα'
'Μια εφαρμογη '
'Την κατεβαζεις και αλλαζεις οπου θες το gps σου'
'Χριστουγεννα '
'Γεια σου κωνσταντινε &colon;-&rpar;'
'Καλαα'
'Εδω δοαβαζω 😥'
'Εσυ'
'Διαβάζω για την κοινωνική πολιτική σε παγκόσμιο επίπεδο &colon;P'
'Α...το πτυχίο μου είναι κοινωνική πολιτική και πολιτική τοτε &colon;-&rpar; απλα λεω πολιτικες επιστημες γτ κανεις δε ξερει τι ειναι η κοινονικη πολιτικη '
'Αυτοι που δεν ασχολουντε με τις πολιτικες επιστημες δεν γνωριζουν τι σημαινει ακριβως ενα πτυχιο κοινονικης πολιτικης...'
'Που ειναι το περιεργο;'
'Οχι...εγω πολλες χρειαζετε να εξηγησω με τι ακριβως ασχολουμε γιατι πολλοι δεν γνωριζουν τι ακριβως αποτελει ενα τετοιο πτυχιο...'
'Οποτε απλως λεω πολιτικες επιστημες γιατι βαριεμε να εξηγω καθε φορα'
'Γιατι μου λειψαν οι ελληνες γιατι ολοι οι αγγλοι ανδρες ειναι ασχημοι &colon;-Ρ'
'Και αλλαξα το gps στο κινητο μου να δω τι παιζει στην αθηβα'
'θα σε ξενερωσω αλλα οχι &colon;Ρ'
'Που σπουδασες;'
'Α πως και ετσι'
' Γεια σου!'
'Καλά. Διαβάζω 😥. Εσύ;'
'Ναι για πανεπιστημιο. Θα σε ξενερωσω ομως. Δεν ειμαι ελλαδα &colon;P ειμαι αγγλια, αλλα μου λειψαν οι ελληνες και αλλαξα το gps μου για να δω τι παιζει στην αθηνα.'
'Οι αντρες εδω ειναι απιστευτα ασχημοι'
'Πολιτικες επιστημες'
'Εσυ με τι ασχολεισε?'
'Α κουλ. Που;'
'Ααα οκ '
'Μιλαμε μετα γιατι πρπει να διαβασω; xxx'
'Ναι εχεις δικιο!'
'Τι κανεις σπυρο?'
'Ε ναι πηγαν κατι φιλοι μου περσυ και ηθελα να παω μαζι τους φετος'
'Καλα ητανε'
'Κρητικος εισαι;'
'Κοινωνικες και πολιτικες επιστημες'
'Ξεκιναω το σεπτεμβρη'
'Εσυ;'
'Εσυ με τι ασχολεισε?'
'Αα οκ '
'Και που μενεις στην αθηνα?'
'Εγω βουλα μενω'
'Αλλα πηγαινω και γω αρκετα στο χαλανδρι'
'Χαχα'
'Γεια σου Νίκο'
'Καλά εσύ??'
'Με τι ασχολεισαι νικο?'
' Ψςς'
'Ωραια δουλεια'
'Τι σπουδασες?'
'Γαμαει το χαλανδρι! Μαρεσει πολυ σαν περιοχη. Αρα εσυ γ ν πας εκει καθε πρωι ειναι λιγο ταξιδι ε ?'
' Πω...με μεσα ε?'
'Πωωω'
'Αλλα σαρεσει αυτο που κανεις;'
'Καλημερα'
'Χαχα ναι. Προσφατο φαινομενο το οποιο μαλλον δεν θα επικρατησει πολυ &colon;Ρ'
' Γεια σου γιωργο!'
'Καλα! Απολυθηκα εχθες απο στρατο!!'
'Οποτε ναι...χαρουμενος. εσυ? με τι ασχολεισαι?'
'Ωωω και ηλπιζα οτι θα σε γνωριζα απο κοντα! Που ταξιδευεις?'
'Α που στη σκοτια? Edinburgh?'
'Ειχα στειλει αιτηση και γω για bachelors'
' Ειπανε οχι χαχαχα'
'Αλλα ναι τελικα παιζει να παω bristol poy einai ejisoy kalo opotte nai...'
'Κοινωνικη πολιτκη'
'Εχω ακουσει οτι ειναι γαματη πολη'
'Οχι'
'Εκανα gap year'
' Για να παω φανταρος'
'Πρωτα'
'Οχι...'
'Ποιον διαγωνισμο νικησες?'
'ΕΙΣΑΙ ΑΝΕΤΑ ΜΠΟΤΑΚΙ'
'ΑΝΕΤΑΑΑΑ ΣΕ ΛΕΩ'
'Είναι ο,τι πρέπει!!!!!'
'Τι σπουδάζεις;'
'Φουλ γαματο αυτό'
'Αυτή τη στιγμή με το πως μπορώ να σε πείσω να βγούμε'
'Επειδή είναι γνωστό ότι πρέπει να πείσεις την άλλη για να βγεις μαζί σου!!!!'
'Και εσυ πρέπει να με πείσεις, που ξέρω εγώ ότι δεν είσαι καμια μανιακή δολοφόνος και θες να μου παρεις τα όργανα'
'Και εγώ δεν θα σε πείσω'
'ΕΙΜΑΙ ΚΙ ΕΓΩ'
'τώρα τι;;;;;;;;;'
'Ε άνετα θα σε άφηνα να με σκοτώσεις'
'Πες μου τώρα γιατί είσαι στο Τιντερ, πέρα από το γεγονός πτι θες να κλέψεις όργανα'
'Άρα να βρεις καποιον με καλή χημεία'
'Lowkey ψάχνω και εγώ κάποια ενδιαφέρουσα κοπέλα όπου μπορώ να βγω και να κάνω μαλακιες'
'Έχεις βρει κάτι ενδιαφέρον μέχρι στιγμής; 👀'
'Θέλω να μάθω, πες μου εδώ'
'Να ξες στο δίνω μόνο κι μόνο επειδή ακούς joji 😵\u200d💫😵\u200d💫'
'Ε άνετα θα γούσταρε τις γατες μου'
'Τύπου πέσατε από τον παράδεισο; Επειδή κάνω γλυφοκωλι'
'Τύπου που και ποτέ'
'Τύπου μη παίζεις με αυτά επειδή θα έρθω'
'Τύπου οκ ^-^'
'ΓΕΙΑ ΣΟΥ ΛΕΝΑ!!!!!!!!!'
'Τι κααααανεεεεεις'
'Ομγγγ άρα είσαι χημικό'
'Εγώ γράφω ένα άρθρο τώρα 😭😭'
'Την γέρου; 😂😂😂'
'Σχετικά με το πως φοιτητές ιατρικής ανακάλυψαν νέες ανατομικές δομές από την αρχαία Ελλάδα μέχρι κι σήμερα'
'Αφορά κυρίως το πως πολλοί καθηγητές ιατρικής, επίσης, χρησιμοποίησαν τους φοιτητές και τους έκλεψαν τις ανακαλύψεις τους'
'Κανείς παρέα με την γέρου; 👀'
'Οοοοχιι είναι ένα άρθρο που προσπαθούμε να το δημοσιεύσουμε με έναν καθηγητή 😄'
'Η ανόργανη χημεία ακουγεται πιο φαν όμως'
'Πες μου ότι ξέρεις και την πλειλιστ 😭😭'
'Παίζει να σπουδάζεις μια από τις δυσκολότερες σχολές, no joke'
'ΑΧΑΧΑΧΑΧΑΧΑΧΑΧΧΑΧΑΧΑ πες μου ότι ξέρεις και την dick rider'
'Τραστ μι, είναι πιο δύσκολη η χημεία, είχα δει κάτι στορυ από τη γρου και ήταν τρομαχτικό \U0001f972'
'Ναιιιι, άρα ξέρεις μόνο την τσιλ, depression? 😂😂'
'Λένα, πρέπει να παραδεχτώ κάτι'
'Όχι επειδή εγώ περιμένω μέχρι τον γάμο!!!!'
'😂😂😂 όχι είναι για γυμναστική, λίγο rage στυλ, αξίζει'
'Γιατί έχεις τόσο μεγάλα αρχιδια και μου στέλνεις πρώτη μήνυμα \U0001f972\U0001f972\U0001f972\U0001f972'
'ΑΠΙΣΤΕΥΤΗ είσαι, ποιο είναι το ισνταγκραμ σου;'
'ΜΙΑΟΥ 🐱🐱🐱'
'Ψέμματα λες'
'Αποκλείεται'
'Ε είσαι ΑΠΙΣΤΕΥΤΗ'
'Μοναδικη'
'Θεσπέσια'
'Και γερμανικά'
'Δώσε μου 2 λόγους που έκανες swipe right'
'Οοουυυυυ πως κι έτσι; Σπουδάζεις ή απλά μένεις;'
'Και τώρα αράζεις χαλκιδικαρα; 👀'
'Τι ύψος νομίζεις ότι έχω'
'Οοουυυυ ποτέ θα έρθεις Χαλκιδική;'
'Είσαι από Βέροια;'
'1.90, κοντά έπεσες. Εσυ φαίνεσαι τέρμα κοντή'
'Οοοουυυυαααααου κακώς'
'ΦΟΥΛ ΚΟΝΤΗ'
'Επειδή θα είμαι Βουδαπέστη τότε &colon;&sol;'
'Θα το φέρω όπου κοιμάσαι'
'Στείλε μου εδώ'
'ΓΙΑΤΙ'
'ΟΧΙΙΙ ΣΕ ΕΝΑ ΠΑΡΤ ΕΙΜΑΙ'
'ΟΜΓΓΓ γιατί;;;;'
'ΠΕΣ ΜΟΥ ΤΟ ΠΙΚ ΑΠ ΛΑΙΝ ΣΟΥ ΠΛΙΣ'
'Πες το ρε μπακαλιάρε'
'Τίποτα 😂😂😂'
'ΧΑΧΑΧΑΧΑΑΧΑΑΧΑΧΑΧΑΧΧΑΧΑΧΑΧΑΧΑΧΑΧΑΧΑΧ'
'Πολύ straightforward μαρεσει'
'Κάποια άποψη για φτύσιμο και ξύλο;'
'Καλά αρχίσαμε'
'Ινσταγκραμ έχεις;'
'ΛΟΙΠΟΝ ΕΧΩ ΣΟΒΑΡΗ ΕΡΩΤΗΣΗ'
'Τι έτος είσαι ΤΩΡΑ;'
'5ο'
'Πες μου λίγο ποιον είχες ανατομία'
'Τώρα θα μπω πέμπτο'
'Πες με εσυ και θα σε πψ'
'Ναιναιιιι'
'Τον κύριο Αναστασόπουλο τον είχες ;'
'ΚΑΙΙΙΙΙ;'
'ΠΑΜΕ ΛΙΓΟΟΟ'
'Ο μπαμπάς μου είναι 😂😂😂😂😂😂'
'Κάθε φορά που γνωρίζω κάποιον από απθ τον ρωτάω'
'Ναι τον αδερφό μου \U0001f972\U0001f972\U0001f972'
'Αλλά είναι του 97 εγώ είμαι του 99 😭😭😭'
'Ναιναιαναιναι'
'Πες μου τώρα γιατί κατέβασες tinder'
'Οοουφφφ έχεις βγει με κανέναν ποτέ ή μπα;'
'Tbh μαρεσει να γνωρίζω άτομα και έχει φουλ πλάκα 😂'
'Το λαικ έφυγε λόγο μιγκος να ξέρεις'
'1-10 το νέο τους άλμπουμ'
'8 επειδή έκαναν τρομερό adapt θεωρώ'
'Αγαπημένο τραγούδι;'
'Αναμενόμενο θα έλεγα'
'Σαρεσει ο pop smoke?'
'Επειδή το έβαλες στο tinder σαν my anthem 😭'
'Νιαου'
'Δεν μπορούσες να το πεις καλύτερα νομίζω'
'Τέρμα χυν'
'Πλις παντρέψου με'
'Σπίτι μου αύριο με τις γατες μου'
'Πόσες γατες έχεις'
'Μη μου ξανά μιλήσεις μέχρι να παρεις γατες'
'ΡΕ ΤΙ ΕΙΠΑ ΜΟΛΙΣ ΤΩΡΑ'
'ΠΑΣ ΚΑΛΑ;'
'Μόνο άμα μου νιαουρίσεις'
'Γιατί είσαι στο Τιντερ ενώ είσαι ακόμη στο λύκειο'
'Να μαντέψω λογικά θα είσαι 1η ή 2α λυκειου ;'
'Αποκλείεται'
'Τι κατεύθυνση είσαι;'
'+ γλυκιά μου, τι στον πουτσο κανείς εδώ ενώ δίνεις σε 1 εβδομάδα 😂'
'Ε ναι εντάξει περνάτε δύσκολα, τώρα στην θεωρητική εντάξει, με χάλασες λίγο'
'Ε δεν σε έχουμε δει προπερλι'
'ΟΜΓ αποκλείεται'
'Μα φυσικά κυρία μου'
'ΑΠΟ ΚΑΠΟΥ ΣΕ ΞΕΡΩ ΕΣΕΝΑ'
'ΕΧΕΙΣ ΜΗΠΩΣ ΙΝΣΤΑΓΚΡΑΜ;'
'Γεια σου Ντίνα'
'Περιμένω να διαγράψεις το ινσταγκραμ μετά που με βρήκες αλλά εντάξει'
'Απογοητεύτηκα λίγο'
'Δίνεις πανελλαδικές'
'Ή ΕΔΩΣΕΣ'
'ΟΜΓ!!1!1!1!1!!1!1!1'
'Πως τα πηγές ;!;!;!;'
'ΟΜΓ ΘΕΛΩ ΝΑ ΜΟΥ ΤΑ ΠΕΙΣ ΟΛΑ'
'Εμένα ποτέ θα με ξεπατωσεις'
'ΟΜΓ!!!!!'
'Άρα περνάς λεεεεσσσς;'
'ΟΜΓ!!!!!! ΟΜΤΩΣ;!;!11'
'ΟΜΓ ΔΕΝ ΕΧΩ ΕΓΩ ΤΕΤΟΙΑ ΚΙΝΚΣ ΟΜΩΣ'
'ΘΑ ΤΑ ΔΕΙΣ ΜΗΝ ΑΓΧΩ'
'ΠΟΤΕ'
'ΜΕ ΤΟΝΟ ΣΤΟ Ε'
'ΔΙΚΑΣΤΗΡΙΟ ΕΦΥΓΕΣ ΜΠΑΚΑΛΙΑΡΕ'
'ΜΕΣΑ ΘΑ ΜΕ ΒΑΛΟΥΝ'
'ΨΕΜΜΑΑΑΑΤΑ ΛΕΣ'
'Κατσε'
'Μου έστειλε μια καυλιαρα μήνυμα στο ινστα'
'Ε εντάξει έκανες κατα λάθος swipe right'
'Εεεεεεεεεε αποκλείεται'
'Παίζει να είσαι τέρμα ψηλή'
'Τέρμα ψηλή 😭😭'
'Θέλω φουλ πολύ να αρχίσω γιόγκα'
'Καλα δεν είμαι και 2 μέτρα'
'Instructor δεν είσαι ; 👀'
'Ξέρω να κάνω και γαμω τα σιναμπον'
'Θα μου μάθεις να κάνω κάτι άλλο?'
'Δεν ξέρεις έλα παραδέξου το'
'Νιαααααοοουυυ'
'Αφού ξέρεις ότι δεν θα κερδίσεις'
'Δεν χάνω με Joshua weisseman συνταγή για σιναμπον'
'Buns πιο juicy και από τα δικά μου'
'Και που είσαι ακόμη, που να δεις το ποσό κριντζ είμαι από κοντά'
'Όντως όμως θέλω Cinnabon contest'
'Θέλω να βάλουμε στοίχημα'
'Πάμε λίγο βρε νεφέλη'
'Η ρίζα του 16 είναι το 4, έτσι θέλω να σε πάρω'
'ΣΤΕΙΛΕ ΤΑΥΤΟΤΗΤΑ ΑΛΛΙΩΣ ΦΥΓΕ ΑΠΟ ΕΔΩ'
'ΕΧΩ ΑΔΙΚΟ;;;;;;;;;;;;;;;;;'
'100 ΠΟΥ ΕΙΣΑΙ'
'ΕΙΜΑΙ ΜΕΓΑΛΟΣ ΚΑΙ ΔΕΝ ΑΚΟΥΩ'
'ΚΩΛΟΜΩΡΟ'
'ΕΛΑ ΝΑ ΣΕ ΚΑΝΕΙ ΝΤΑ Ο ΠΑΠΠΟΥΣ ΚΟΡΙΤΣΑΚΙ'
'Θα κάνω τζιζ στη μάπα σου'
'Πρωτευουσιανα, θέλω να στον μπηξω'
'Έλα εδώ βλέπουμε ΤΣΟΥ ΛΟΥ'
'Και σε λίγο μπορείς να δεις ΠΟΥΤΣΟΜΟΥΛΟΥ'
'ΕΛΑ ΠΜΕ ΛΙΓΟ'
'Αμαααααααααν,έχω πάθει λαλαα.Με τη Χαλκιδική τι σχέση έχεις;'
'Χεελλλοοοοουυυυ'
'Τελεειιαααααα, ανυπομονώ φουλ να γυρίσω Ελλάδα τώρα το πασχα'
'Εσυ;'
'Όντως; Από που είσαι;'
'Ιατρική στο MUS, εσυ;'
'Ελαααα πάμε λίγο, τεράστια διαδρομή όντως'
'Όντως; Πως είναι so far?'
'Άρα είσαι του 99 σωστά;'
'Οδηγάς να φανταστώ ή όχι; 👀'
'Που κανείς το internship?'
'Και εγώ, 4ο είμαι τώρα και δυστυχώς σύντομα έρχεται το 5ο 😩'
'Ελαααα πάμε λίγο'
'Έχεις πάει Σαντορίνη;'
'Πωπωωω ήθελα φουλ πολύ να πάω μυκονο, αξίζει;'
'Δοκίμασα μερικά αλλά δεν τα θυμάμαι κατσε να τα βρω'
'ΕΛΑ ΠΑΜΕ ΛΙΓΟ'
'Νιαου'
'Είσαι ΑΠΙΣΤΕΥΤΗ'
'Ζωγραφίζεις φουλ γαματα'
'Τι σπουδάζεις ;'
'17χρονη στο Τιντερ;!;!;!;'
'Τς τς τς 👀'
'ΠΑΜΕ ΛΙΓΟ'
'Ε ΑΠΟΚΛΕΙΕΤΑΙ ΝΑ ΜΕ ΕΚΑΝΕΣ ΛΑΙΚ'
'ΘΑ ΕΠΡΕΠΕ'
'ΜΟΥ ΑΞΙΖΕΙ'
'ΔΕΝ ΒΓΑΖΩ ΜΟΥΣΙ ΓΙΑΥΤΟ'
'ΓΑΤΕΣ &lt;&lt; ΣΚΥΛΟΥΣ'
'ΠΕΣ ΜΟΥ ΟΤΙ ΣΥΜΦΩΝΕΙΣ'
'ΝΑ ΜΑΝΤΕΨΩ;'
'ΜΑΘΗΜΑΤΙΚΑ ΔΗΜΟΤΙΚΟΥ ΔΕΝ ΠΕΡΑΣΕΣ Ε;'
'ΘΕΣ ΙΔΙΑΙΤΕΡΑ;'
'ΒΡΕ ΟΥΣΤ ΛΕΩ ΕΓΩ'
'2 ΜΟΥΝΑΡΕΣ ΕΧΩ'
'ΕΣΥ;'
'EΕΛΑ ΠΑΜΕ ΛΙΓΟ'
'ΚΑΙ ΔΕΝ ΕΧΕΙΣ ΔΕΙ ΤΙΠΟΤΕ ΑΚΟΜΗ'
'ΠΑΝΤΑ ΕΧΩ'
'Η ΒΑΛΕΡΙΑΝΑ ΕΙΝΑΙ ΕΝΑ ΨΕΜΑ ΦΑΡΜΑΚΟΛΟΓΙΚΑ ΜΙΛΩΝΤΑΣ'
'ΒΛΕΠΩ ΜΙΑ ΤΑΙΝΙΑ ΜΕ ΤΟΝ ΚΟΛΛΗΤΟ ΜΟΥ'
'ΑΧΑΑΧΑΧΧΑΧΑΧΑΧ ΟΟΟΧΙΙΙ ΔΕΝ ΚΑΜΩ ΕΓΩ ΤΕΤΟΙΑ'
'ΤΑ ΤΣΙΓΑΡΑ ΜΑΣ ΚΑΝΕΙ ΚΑΚΟ'
'+ ΑΣΘΜΑ'
'ΤΟ ΧΟΡΤΟ ON THE OTHER HAND'
'Κανουν* είμαι παραπληγικός'
'Με πιέζει η μάνα μου'
'Ναι φταίει η «βαλεριάνα»'
'Κλάμα'
'Καθόλου'
'Ίσα ίσα'
'Έλα πάμε λιγο'
'Αυτός 1-0'
'Έπεσε κάτι κάτω;'
'ΕΛΑ ΠΑΜΕ ΛΙΓΟ'
'Τσα'
'ΕΛΑΑΑΑΑ ΙΙΙΙΙΣΣ'
'ΧΑΧΑΧΑΧΑΧΑΧΑΧΧΑ ΣΟΡΡΥ ήθελα να το στείλω στους φίλους μου'
'ΓΙΑ ΚΡΕΠΕΣ'
'Πες που έχεις φάει τη καλύτερη κρεπα'
'Να δω άμα είσαι αξία για την μαμιζ'
'Κακώς'
'Δεν θα έπρεπε'
'Το έχω ξανακούσει αυτό'
'Για την Λάρισα'
'Ότι είστε καθυστερημένες και δεν έχετε γούστο'
'Ναι'
'Γατες&lt;&lt; σκυλους'
'1η φορά απάντησε κάποια τόσο γρήγορα, ηρεμησε λίγο'
'Πρέπει τώρα να απαντήσεις σε 1-2 ώρες'
'Explain yourself, γιατί οι γάτες είναι καλύτερες'
'Πως το ξέρεις, μιλάς μαζί τους ;'
'Πριν σχολιάσεις έχω 0 tinder game'
'Έχεις φουλ προβλήματα'
'ΤΙ ΣΠΟΥΔΑΖΕΙΣ;;;;;;;;'
'Ωωωω αποκλείεται ψέμματα με λες'
'Και εγώ'
'Πάλι ψέμματα μου ειπες &colon;&sol;'
'Μα γιατί ;'
'Εγώ πέρασα νοσηλευτική στην Ελλάδα, αλλά πήγα ιατρική στη σοφια'
'Ε λιγουλάκι'
'Άρα όχι γατοψυψοκογια&colon;&sol;'
'Από Θεσσαλονίκη είσαι;'
'Ή είσαι κνενας φλωρος'
'ΩΩΩΩΩΩ ΞΕΡΕΙΣ ΤΗΝ ΕΛΕΝΗ;!;!;!;'
'Ξεκιαρα'
'Ξεκαθρα*'
'ΤΗΝ ΤΑΚΗ'
'Νιαου'
'Νιαου'
'Νιαου'
'Βοήθησε με λίγο να κάνω catch up στο πως πάει το tinder εν COVID-19'
'καλος και αγαθος'
'τι κάνεις?'
